prediction_date,target_date,fold,y,pred,best_epoch
2021-01-04,2021-01-08,dev_01,0.16455696202531644,0.003815987380221486,3
2021-01-05,2021-01-11,dev_01,0.05555555555555558,0.02025810442864895,3
2021-01-06,2021-01-12,dev_01,-0.011494252873563204,-0.0013372182147577405,3
2021-01-07,2021-01-13,dev_01,0.01526717557251911,0.0026923350524157286,3
2021-01-08,2021-01-14,dev_01,-0.029739776951672847,0.003415737533941865,3
2021-01-11,2021-01-15,dev_01,-0.07608695652173914,-0.0182478129863739,3
2021-01-12,2021-01-18,dev_01,-0.022556390977443663,-0.00577098922803998,3
2021-01-13,2021-01-19,dev_01,0.011627906976744207,-0.002407766878604889,3
2021-01-14,2021-01-20,dev_01,-0.018796992481203034,-0.009044703096151352,3
2021-01-15,2021-01-21,dev_01,0.00766283524904221,-0.00853047613054514,3
2021-01-18,2021-01-22,dev_01,0.007843137254901933,-0.00493462011218071,3
2021-01-19,2021-01-25,dev_01,0.03846153846153855,-0.009311161935329437,3
2021-01-20,2021-01-26,dev_01,-0.011494252873563204,-0.008722599595785141,3
2021-01-21,2021-01-27,dev_01,-0.01532567049808431,0.006033245474100113,3
2021-01-22,2021-01-28,dev_01,-0.06463878326996197,0.004150527063757181,3
2021-01-25,2021-01-29,dev_01,-0.046692607003890996,0.00735265389084816,3
2021-01-26,2021-02-01,dev_01,-0.07407407407407407,0.010768622159957886,3
2021-01-27,2021-02-02,dev_01,0.007751937984496138,0.0242154598236084,3
2021-01-28,2021-02-03,dev_01,0.011673151750972721,0.0015188261168077588,3
2021-01-29,2021-02-04,dev_01,0.016260162601626105,0.02403351292014122,3
2021-02-01,2021-02-05,dev_01,0.04081632653061229,0.009625430218875408,3
2021-02-02,2021-02-08,dev_01,0.0,0.0035011509899049997,3
2021-02-03,2021-02-09,dev_01,-0.0346153846153846,0.013610703870654106,3
2021-02-04,2021-02-10,dev_01,-0.03076923076923077,0.004426822531968355,3
2021-02-05,2021-02-15,dev_01,0.05600000000000005,0.02088295668363571,3
2021-02-08,2021-02-16,dev_01,0.03921568627450989,0.002110079862177372,3
2021-02-09,2021-02-17,dev_01,0.040000000000000036,0.008951385505497456,3
2021-02-10,2021-02-18,dev_01,0.003984063745019917,0.005311619956046343,3
2021-02-15,2021-02-19,dev_01,0.05555555555555558,0.0005910262698307633,3
2021-02-16,2021-02-22,dev_01,0.03409090909090917,0.010942365042865276,3
2021-02-17,2021-02-23,dev_01,0.04528301886792452,0.0007375476998277009,3
2021-02-18,2021-02-24,dev_01,0.04615384615384621,0.011057630181312561,3
2021-02-19,2021-02-25,dev_01,0.1785714285714286,0.02162562683224678,3
2021-02-22,2021-02-26,dev_01,0.06390977443609014,0.0077805002219974995,3
2021-02-23,2021-03-02,dev_01,0.05860805860805862,0.014257931150496006,3
2021-02-24,2021-03-03,dev_01,0.06137184115523464,-0.0018191073322668672,3
2021-02-25,2021-03-04,dev_01,0.044117647058823595,-0.007757578976452351,3
2021-02-26,2021-03-05,dev_01,-0.0572390572390572,0.008835266344249249,3
2021-03-02,2021-03-08,dev_01,-0.04240282685512364,0.01906500570476055,3
2021-03-03,2021-03-09,dev_01,-0.05536332179930792,0.007332934532314539,3
2021-03-04,2021-03-10,dev_01,-0.09523809523809523,-0.0006901995511725545,3
2021-03-05,2021-03-11,dev_01,-0.035211267605633756,0.0066132862120866776,3
2021-03-08,2021-03-12,dev_01,0.0,-0.004630487412214279,3
2021-03-09,2021-03-15,dev_01,0.007380073800737907,-0.00593043677508831,3
2021-03-10,2021-03-16,dev_01,0.0293040293040292,-0.0019501097267493606,3
2021-03-11,2021-03-17,dev_01,0.05263157894736836,-0.005116866435855627,3
2021-03-12,2021-03-18,dev_01,0.03649635036496357,0.0072704642079770565,3
2021-03-15,2021-03-19,dev_01,-0.014285714285714235,-0.007577553857117891,3
2021-03-16,2021-03-22,dev_01,0.01098901098901095,0.0021226052194833755,3
2021-03-17,2021-03-23,dev_01,-0.039145907473309594,0.014456951059401035,3
2021-03-18,2021-03-24,dev_01,-0.046428571428571375,0.0005816549528390169,3
2021-03-19,2021-03-25,dev_01,-0.06338028169014087,0.007890848442912102,3
2021-03-22,2021-03-26,dev_01,-0.021739130434782594,0.014328856021165848,3
2021-03-23,2021-03-29,dev_01,-0.04347826086956519,-0.0002933843061327934,3
2021-03-24,2021-03-30,dev_01,-0.0037037037037036535,0.010272379033267498,3
2021-03-25,2021-03-31,dev_01,-0.0074906367041198685,0.008481476455926895,3
2021-03-26,2021-04-01,dev_01,0.0563909774436091,0.009030741639435291,3
2021-03-29,2021-04-02,dev_01,0.04444444444444451,0.01249513030052185,3
2021-03-30,2021-04-05,dev_01,0.08333333333333326,0.01886821538209915,3
2021-03-31,2021-04-06,dev_01,0.06319702602230493,0.012499081902205944,3
2021-04-01,2021-04-07,dev_01,0.08301886792452828,0.0095243314281106,3
2021-04-02,2021-04-08,dev_01,0.02491103202846978,0.018979310989379883,3
2021-04-05,2021-04-09,dev_01,-0.007092198581560294,0.006072045769542456,3
2021-04-06,2021-04-12,dev_01,-0.038461538461538436,0.01081910077482462,3
2021-04-07,2021-04-13,dev_01,-0.02447552447552448,0.0046606604009866714,3
2021-04-08,2021-04-14,dev_01,-0.04529616724738672,0.0045267497189342976,3
2021-04-09,2021-04-15,dev_01,-0.04513888888888884,0.002388578839600086,3
2021-04-12,2021-04-16,dev_01,-0.017857142857142905,0.0041957516223192215,3
2021-04-13,2021-04-19,dev_01,0.0036363636363636598,0.004797803238034248,3
2021-04-14,2021-04-20,dev_01,-0.007168458781361964,-0.004834845662117004,3
2021-04-15,2021-04-21,dev_01,-0.03284671532846717,0.006143529899418354,3
2021-04-16,2021-04-22,dev_01,-0.032727272727272716,0.004287999123334885,3
2021-04-19,2021-04-23,dev_01,-0.036363636363636376,0.0041665686294436455,3
2021-04-20,2021-04-26,dev_01,-0.047101449275362306,0.011454286985099316,3
2021-04-21,2021-04-27,dev_01,-0.02527075812274371,0.0038717540446668863,3
2021-04-22,2021-04-28,dev_01,-0.018867924528301883,0.018781138584017754,3
2021-04-23,2021-04-29,dev_01,-0.022556390977443663,0.006544928997755051,3
2021-04-26,2021-04-30,dev_01,-0.03396226415094339,0.014295472763478756,3
2021-04-27,2021-05-03,dev_01,0.0,0.009200028143823147,3
2021-04-28,2021-05-04,dev_01,-0.022222222222222254,0.006792701315134764,3
2021-04-29,2021-05-06,dev_01,-0.007692307692307665,0.012310844846069813,3
2021-04-30,2021-05-07,dev_01,-0.0038461538461538325,-0.0007138731307350099,3
2021-05-03,2021-05-10,dev_01,0.015625,0.005932483356446028,3
2021-05-04,2021-05-11,dev_01,-0.06463878326996197,-0.004976549185812473,3
2021-05-06,2021-05-12,dev_01,-0.09469696969696972,0.0007225439185276628,3
2021-05-07,2021-05-13,dev_01,-0.08914728682170547,0.011276228353381157,3
2021-05-10,2021-05-14,dev_01,-0.084942084942085,-0.0013427493395283818,3
2021-05-11,2021-05-17,dev_01,-0.09615384615384615,0.003916521091014147,3
2021-05-12,2021-05-18,dev_01,-0.016260162601625994,0.01846381463110447,3
2021-05-13,2021-05-20,dev_01,0.025104602510460206,-0.0032173192594200373,3
2021-05-14,2021-05-21,dev_01,0.042553191489361764,0.010703811421990395,3
2021-05-17,2021-05-24,dev_01,0.00843881856540074,0.007086729630827904,3
2021-05-18,2021-05-25,dev_01,0.04680851063829783,0.00623864633962512,3
2021-05-20,2021-05-26,dev_01,0.016528925619834656,0.00562742305919528,3
2021-05-21,2021-05-27,dev_01,0.02448979591836742,-0.006719727534800768,3
2021-05-24,2021-05-28,dev_01,0.020408163265306145,0.004578849766403437,3
2021-05-25,2021-05-31,dev_01,0.06276150627615062,0.010501223616302013,3
2021-05-26,2021-06-01,dev_01,0.04471544715447151,0.002571501536294818,3
2021-05-27,2021-06-02,dev_01,0.024390243902439046,0.006782852113246918,3
2021-05-28,2021-06-03,dev_01,0.027888446215139417,0.0051573715172708035,3
2021-05-31,2021-06-04,dev_01,0.028000000000000025,0.008828223682940006,3
2021-06-01,2021-06-07,dev_01,0.011811023622047223,0.008714446797966957,3
2021-06-02,2021-06-08,dev_01,-0.0077821011673151474,0.003823815146461129,3
2021-06-03,2021-06-09,dev_01,-0.02777777777777779,0.01004951074719429,3
2021-06-04,2021-06-10,dev_01,-0.046511627906976716,0.010143552906811237,3
2021-06-07,2021-06-11,dev_01,-0.0038910505836575737,0.007561103906482458,3
2021-06-08,2021-06-14,dev_01,-0.011673151750972721,0.009413205087184906,3
2021-06-09,2021-06-15,dev_01,0.007843137254901933,0.013047052547335625,3
2021-06-10,2021-06-16,dev_01,0.05714285714285716,0.016842907294631004,3
2021-06-11,2021-06-17,dev_01,0.028455284552845628,0.0020087524317204952,3
2021-06-14,2021-06-18,dev_01,-0.02734375,0.011475830338895321,3
2021-06-15,2021-06-21,dev_01,-0.03937007874015752,0.011768294498324394,3
2021-06-16,2021-06-22,dev_01,-0.05058365758754868,0.004635803401470184,3
2021-06-17,2021-06-23,dev_01,-0.0424710424710425,0.008178535848855972,3
2021-06-18,2021-06-24,dev_01,-0.0039525691699604515,0.011201831512153149,3
2021-06-21,2021-06-25,dev_01,0.032128514056224855,0.007554139941930771,3
2021-06-22,2021-06-28,dev_01,0.032786885245901676,0.014726691879332066,3
2021-06-23,2021-06-29,dev_01,0.024590163934426146,0.0050578126683831215,3
2021-06-24,2021-06-30,dev_01,0.02822580645161299,0.0055575440637767315,3
2021-06-25,2021-07-01,dev_01,-0.011904761904761862,0.007147480268031359,3
2021-06-28,2021-07-02,dev_01,-0.046692607003890996,0.006815816275775433,3
2021-06-29,2021-07-05,dev_01,-0.023809523809523836,0.014541403390467167,3
2021-06-30,2021-07-06,dev_01,0.0,0.0074144513346254826,3
2021-07-01,2021-07-07,dev_02,-0.03137254901960784,0.003084910102188587,5
2021-07-02,2021-07-08,dev_02,-0.02409638554216864,0.012856670655310154,5
2021-07-05,2021-07-09,dev_02,-0.024489795918367308,0.005257378797978163,5
2021-07-06,2021-07-12,dev_02,-0.024390243902439046,0.0014802275691181421,5
2021-07-07,2021-07-13,dev_02,-0.016000000000000014,0.004888406954705715,5
2021-07-08,2021-07-14,dev_02,0.0,0.0044990647584199905,5
2021-07-09,2021-07-15,dev_02,0.016460905349794164,0.00774678960442543,5
2021-07-12,2021-07-16,dev_02,0.01673640167364021,0.005862693302333355,5
2021-07-13,2021-07-19,dev_02,-0.008333333333333304,0.0003766347363125533,5
2021-07-14,2021-07-20,dev_02,-0.03658536585365857,0.013411005027592182,5
2021-07-15,2021-07-21,dev_02,-0.052631578947368474,0.0063832104206085205,5
2021-07-16,2021-07-22,dev_02,-0.03238866396761131,0.0027856191154569387,5
2021-07-19,2021-07-23,dev_02,-0.024691358024691357,0.011067082174122334,5
2021-07-20,2021-07-26,dev_02,-0.01680672268907568,0.005133589264005423,5
2021-07-21,2021-07-27,dev_02,-0.021097046413502074,0.0021394211798906326,5
2021-07-22,2021-07-28,dev_02,-0.02564102564102566,0.014648612588644028,5
2021-07-23,2021-07-29,dev_02,-0.046025104602510414,0.00935659185051918,5
2021-07-26,2021-07-30,dev_02,-0.05063291139240511,0.003517634468153119,5
2021-07-27,2021-08-02,dev_02,-0.008547008547008517,0.007432058919221163,5
2021-07-28,2021-08-03,dev_02,0.034482758620689724,0.0003740689717233181,5
2021-07-29,2021-08-04,dev_02,0.06140350877192979,0.006387373432517052,5
2021-07-30,2021-08-05,dev_02,0.05263157894736836,0.011462926864624023,5
2021-08-02,2021-08-06,dev_02,0.04888888888888898,0.0023568158503621817,5
2021-08-03,2021-08-09,dev_02,0.0,0.0057920790277421474,5
2021-08-04,2021-08-10,dev_02,-0.0625,-0.0005817827768623829,5
2021-08-05,2021-08-11,dev_02,-0.12809917355371903,0.0007492382428608835,5
2021-08-06,2021-08-12,dev_02,-0.16249999999999998,-0.002799353329464793,5
2021-08-09,2021-08-13,dev_02,-0.13983050847457623,0.002026316476985812,5
2021-08-10,2021-08-17,dev_02,-0.125,0.006675536744296551,5
2021-08-11,2021-08-18,dev_02,-0.0755555555555556,0.008357193320989609,5
2021-08-12,2021-08-19,dev_02,-0.028436018957345932,0.031978439539670944,5
2021-08-13,2021-08-20,dev_02,0.01990049751243772,0.024095913395285606,5
2021-08-17,2021-08-23,dev_02,0.014778325123152802,-0.0011712723644450307,5
2021-08-18,2021-08-24,dev_02,0.034482758620689724,-0.0023494339548051357,5
2021-08-19,2021-08-25,dev_02,-0.004807692307692291,0.0013131235027685761,5
2021-08-20,2021-08-26,dev_02,0.014634146341463428,0.00424077408388257,5
2021-08-23,2021-08-27,dev_02,0.009756097560975618,-0.012255247682332993,5
2021-08-24,2021-08-30,dev_02,0.004854368932038833,-0.017090966925024986,5
2021-08-25,2021-08-31,dev_02,0.014285714285714235,0.0037914630956947803,5
2021-08-26,2021-09-01,dev_02,0.04347826086956519,0.008237723261117935,5
2021-08-27,2021-09-02,dev_02,0.024038461538461453,0.006619684863835573,5
2021-08-30,2021-09-03,dev_02,0.033816425120772875,0.0035525138955563307,5
2021-08-31,2021-09-06,dev_02,0.024154589371980784,0.0007013459107838571,5
2021-09-01,2021-09-07,dev_02,-0.018779342723004744,0.00648556649684906,5
2021-09-02,2021-09-08,dev_02,-0.01851851851851849,0.005864349193871021,5
2021-09-03,2021-09-09,dev_02,-0.032863849765258246,0.011437383480370045,5
2021-09-06,2021-09-10,dev_02,-0.01869158878504673,0.014550970867276192,5
2021-09-07,2021-09-13,dev_02,0.004716981132075526,0.011104763485491276,5
2021-09-08,2021-09-14,dev_02,0.028708133971291794,0.011091712862253189,5
2021-09-09,2021-09-15,dev_02,0.014150943396226356,0.016670549288392067,5
2021-09-10,2021-09-16,dev_02,0.009708737864077666,0.015083400532603264,5
2021-09-13,2021-09-17,dev_02,0.01904761904761898,0.014015561901032925,5
2021-09-14,2021-09-23,dev_02,-0.009389671361502372,0.014821525663137436,5
2021-09-15,2021-09-24,dev_02,-0.032558139534883734,0.006854869890958071,5
2021-09-16,2021-09-27,dev_02,-0.027906976744186074,0.007675363682210445,5
2021-09-17,2021-09-28,dev_02,-0.004807692307692291,0.019640786573290825,5
2021-09-23,2021-09-29,dev_02,-0.06542056074766356,0.007517489138990641,5
2021-09-24,2021-09-30,dev_02,-0.023696682464455,0.004828298464417458,5
2021-09-27,2021-10-01,dev_02,-0.038461538461538436,0.013264220207929611,5
2021-09-28,2021-10-05,dev_02,-0.06315789473684208,0.00478268601000309,5
2021-09-29,2021-10-06,dev_02,-0.06763285024154586,0.0015682695666328073,5
2021-09-30,2021-10-07,dev_02,-0.04300000000000004,0.014304201118648052,5
2021-10-01,2021-10-08,dev_02,-0.08737864077669899,0.003967464901506901,5
2021-10-05,2021-10-12,dev_02,-0.08499999999999996,0.011700529605150223,5
2021-10-06,2021-10-13,dev_02,-0.06026557711950975,0.013916222378611565,5
2021-10-07,2021-10-14,dev_02,-0.02797927461139893,0.0068543097004294395,5
2021-10-08,2021-10-15,dev_02,0.028213166144200663,-0.0005627946811728179,5
2021-10-12,2021-10-18,dev_02,0.03297872340425534,-0.0038575329817831516,5
2021-10-13,2021-10-19,dev_02,0.06775956284152995,0.012325515039265156,5
2021-10-14,2021-10-20,dev_02,0.0641304347826086,0.001059394096955657,5
2021-10-15,2021-10-21,dev_02,0.026652452025586415,0.0016956623876467347,5
2021-10-18,2021-10-22,dev_02,0.00101626016260159,0.012094557285308838,5
2021-10-19,2021-10-25,dev_02,0.029866117404737436,0.008318399079144001,5
2021-10-20,2021-10-26,dev_02,0.04401228249744116,0.0015510384691879153,5
2021-10-21,2021-10-27,dev_02,0.036772216547497516,-2.6967736630467698e-05,5
2021-10-22,2021-10-28,dev_02,0.10591900311526481,0.00466898363083601,5
2021-10-25,2021-10-29,dev_02,0.045685279187817285,0.009893429465591908,5
2021-10-26,2021-11-01,dev_02,0.06499999999999995,0.00983134564012289,5
2021-10-27,2021-11-02,dev_02,0.05392156862745101,0.007344717159867287,5
2021-10-28,2021-11-03,dev_02,0.039408866995073843,0.0005781404906883836,5
2021-10-29,2021-11-04,dev_02,-0.0046948356807511304,0.003654917934909463,5
2021-11-01,2021-11-05,dev_02,0.03883495145631066,0.0035315235145390034,5
2021-11-02,2021-11-08,dev_02,0.009389671361502261,0.00456665176898241,5
2021-11-03,2021-11-09,dev_02,0.013953488372093092,0.0008521550334990025,5
2021-11-04,2021-11-10,dev_02,0.028436018957346043,0.002469367813318968,5
2021-11-05,2021-11-11,dev_02,0.014150943396226356,0.0022388717625290155,5
2021-11-08,2021-11-12,dev_02,-0.004672897196261627,-0.0006162882200442255,5
2021-11-09,2021-11-15,dev_02,0.032558139534883734,0.003263826947659254,5
2021-11-10,2021-11-16,dev_02,0.02752293577981657,-0.004518361296504736,5
2021-11-11,2021-11-17,dev_02,0.018433179723502224,0.003082775976508856,5
2021-11-12,2021-11-18,dev_02,0.023255813953488413,0.004797349218279123,5
2021-11-15,2021-11-19,dev_02,0.04694835680751175,0.010668648406863213,5
2021-11-16,2021-11-22,dev_02,0.07657657657657668,0.012417388148605824,5
2021-11-17,2021-11-23,dev_02,0.0625,-0.0017259031301364303,5
2021-11-18,2021-11-24,dev_02,0.08144796380090491,0.004085749387741089,5
2021-11-19,2021-11-25,dev_02,0.06818181818181812,0.006876202765852213,5
2021-11-22,2021-11-26,dev_02,0.03587443946188351,-0.004691872280091047,5
2021-11-23,2021-11-29,dev_02,-0.029288702928870314,0.013334660790860653,5
2021-11-24,2021-11-30,dev_02,-0.04201680672268904,0.0029530671890825033,5
2021-11-25,2021-12-01,dev_02,-0.025104602510460206,-0.00038065409171395004,5
2021-11-26,2021-12-02,dev_02,0.02127659574468077,-0.008506663143634796,5
2021-11-29,2021-12-03,dev_02,0.02164502164502169,0.0005790453869849443,5
2021-11-30,2021-12-06,dev_02,0.02155172413793105,-0.004749853163957596,5
2021-12-01,2021-12-07,dev_02,0.06578947368421062,0.002779635600745678,5
2021-12-02,2021-12-08,dev_02,0.030042918454935563,0.0017534265061840415,5
2021-12-03,2021-12-09,dev_02,0.029166666666666563,-0.02267700806260109,5
2021-12-06,2021-12-10,dev_02,0.021186440677966045,0.009038499556481838,5
2021-12-07,2021-12-13,dev_02,0.025316455696202445,-0.008302096277475357,5
2021-12-08,2021-12-14,dev_02,-0.004115226337448541,-0.0007158429943956435,5
2021-12-09,2021-12-15,dev_02,0.029166666666666563,0.011817866005003452,5
2021-12-10,2021-12-16,dev_02,0.004048582995951344,0.008555603213608265,5
2021-12-13,2021-12-17,dev_02,0.012448132780082943,0.012645959854125977,5
2021-12-14,2021-12-20,dev_02,-0.008230452674897082,-0.003742127912119031,5
2021-12-15,2021-12-21,dev_02,0.02892561983471076,-0.0019881194457411766,5
2021-12-16,2021-12-22,dev_02,0.028340080971659853,0.004239765461534262,5
2021-12-17,2021-12-23,dev_02,0.02822580645161299,0.014738133177161217,5
2021-12-20,2021-12-24,dev_02,0.049180327868852514,0.006345104426145554,5
2021-12-21,2021-12-27,dev_02,0.045643153526971014,0.006821699906140566,5
2021-12-22,2021-12-28,dev_02,0.024096385542168752,0.007709452882409096,5
2021-12-23,2021-12-29,dev_02,0.0,0.010717445984482765,5
2021-12-24,2021-12-30,dev_02,0.027450980392156765,0.013967673294246197,5
2022-09-02,2022-09-08,dev_04,-0.02164502164502169,0.019414348527789116,5
2022-09-05,2022-09-13,dev_04,0.03380588876772084,0.018164459615945816,5
2022-09-06,2022-09-14,dev_04,0.020856201975850697,0.010995936580002308,5
2022-09-07,2022-09-15,dev_04,0.002178649237472685,0.010010570287704468,5
2022-09-08,2022-09-16,dev_04,0.008849557522123908,0.0023255685809999704,5
2022-09-13,2022-09-19,dev_04,-0.004424778761061954,0.0044768014922738075,5
2022-09-14,2022-09-20,dev_04,-0.07172995780590719,0.014728079549968243,5
2022-09-15,2022-09-21,dev_04,-0.053763440860215006,0.00786549225449562,5
2022-09-16,2022-09-22,dev_04,-0.06521739130434778,0.014684155583381653,5
2022-09-19,2022-09-23,dev_04,-0.08442982456140347,0.01062022428959608,5
2022-09-20,2022-09-26,dev_04,-0.08333333333333337,0.007216554135084152,5
2022-09-21,2022-09-27,dev_04,-0.06818181818181823,0.011665472760796547,5
2022-09-22,2022-09-28,dev_04,-0.07727272727272727,0.006517637986689806,5
2022-09-23,2022-09-29,dev_04,-0.06046511627906981,0.006575512699782848,5
2022-09-26,2022-09-30,dev_04,-0.004790419161676662,0.005008912645280361,5
2022-09-27,2022-10-04,dev_04,0.044848484848484915,0.008376413956284523,5
2022-09-28,2022-10-05,dev_04,0.09512195121951228,0.0075418176129460335,5
2022-09-29,2022-10-06,dev_04,0.1071428571428572,0.01095843780785799,5
2022-09-30,2022-10-07,dev_04,0.1287128712871286,0.012540179304778576,5
2022-10-04,2022-10-11,dev_04,0.085439229843562,0.003102041082456708,5
2022-10-05,2022-10-12,dev_04,0.09048723897911826,0.004888758063316345,5
2022-10-06,2022-10-13,dev_04,0.056792873051225046,0.006576234940439463,5
2022-10-07,2022-10-14,dev_04,0.06229143492769751,-0.012183859013020992,5
2022-10-11,2022-10-17,dev_04,0.04385964912280693,-0.011704564094543457,5
2022-10-12,2022-10-18,dev_04,0.06208425720620836,-0.0050180088728666306,5
2022-10-13,2022-10-19,dev_04,-0.011702127659574457,-0.002817624481394887,5
2022-10-14,2022-10-20,dev_04,-0.04952581664910427,-0.0025320756249129772,5
2022-10-17,2022-10-21,dev_04,-0.05235602094240843,-0.0012054769322276115,5
2022-10-18,2022-10-24,dev_04,-0.0357142857142857,-0.004125669598579407,5
2022-10-19,2022-10-25,dev_04,-0.024008350730688965,-0.0060522728599607944,5
2022-10-20,2022-10-26,dev_04,0.010764262648008671,0.009706593118607998,5
2022-10-21,2022-10-27,dev_04,-0.0022172949002217113,0.024510303512215614,5
2022-10-24,2022-10-28,dev_04,-0.0784530386740332,0.016191724687814713,5
2022-10-25,2022-10-31,dev_04,-0.09912854030501095,0.028527559712529182,5
2022-10-26,2022-11-01,dev_04,-0.10267379679144384,0.022547636181116104,5
2022-10-27,2022-11-02,dev_04,-0.10010649627263046,0.00599701888859272,5
2022-10-28,2022-11-03,dev_04,-0.08111111111111113,0.007269931025803089,5
2022-10-31,2022-11-04,dev_04,0.01318944844124692,0.029675472527742386,5
2022-11-01,2022-11-07,dev_04,0.045949214026602236,0.0008656451245769858,5
2022-11-02,2022-11-08,dev_04,0.045292014302741324,0.015141854993999004,5
2022-11-03,2022-11-09,dev_04,0.0556213017751479,-0.005947250872850418,5
2022-11-04,2022-11-10,dev_04,0.07738814993954057,0.0011232525575906038,5
2022-11-07,2022-11-11,dev_04,0.10650887573964507,0.0012898381100967526,5
2022-11-08,2022-11-14,dev_04,0.05086705202312136,0.00644857669249177,5
2022-11-09,2022-11-15,dev_04,0.04446978335233753,0.008963554166257381,5
2022-11-10,2022-11-16,dev_04,0.02578475336322872,0.02351251058280468,5
2022-11-11,2022-11-17,dev_04,-0.015712682379349086,-0.0016038310714066029,5
2022-11-14,2022-11-18,dev_04,-0.054545454545454564,0.017074881121516228,5
2022-11-15,2022-11-21,dev_04,-0.050605060506050625,0.007637993898242712,5
2022-11-16,2022-11-22,dev_04,-0.06986899563318782,0.0017013933975249529,5
2022-11-17,2022-11-23,dev_04,-0.06885245901639347,-0.0016437494195997715,5
2022-11-18,2022-11-24,dev_04,-0.009122006841505104,0.037671394646167755,5
2022-11-21,2022-11-25,dev_04,-0.037330316742081426,0.009150690399110317,5
2022-11-22,2022-11-28,dev_04,-0.037079953650057895,0.024164611473679543,5
2022-11-23,2022-11-29,dev_04,-0.017605633802816878,0.02179970219731331,5
2022-11-24,2022-11-30,dev_04,-0.0023474178403756207,0.011955702677369118,5
2022-11-25,2022-12-01,dev_04,-0.025316455696202556,0.01845509000122547,5
2022-11-28,2022-12-02,dev_04,-0.03760282021151584,0.0052584256045520306,5
2022-11-29,2022-12-05,dev_04,-0.02527075812274371,0.014856114983558655,5
2022-11-30,2022-12-06,dev_04,-0.032258064516129004,0.02090267650783062,5
2022-12-01,2022-12-07,dev_04,-0.07176470588235295,0.001015689573250711,5
2022-12-02,2022-12-08,dev_04,-0.06965761511216062,0.01707349345088005,5
2022-12-05,2022-12-09,dev_04,-0.004884004884004867,0.012182197533547878,5
2022-12-06,2022-12-12,dev_04,0.0012345679012346622,-0.003672905033454299,5
2022-12-07,2022-12-13,dev_04,0.016049382716049276,-0.0028024213388562202,5
2022-12-08,2022-12-14,dev_04,0.03675538656527255,0.0068202088586986065,5
2022-12-09,2022-12-15,dev_04,0.017766497461928932,0.0014542735880240798,5
2022-12-12,2022-12-16,dev_04,-0.03803680981595092,0.021951699629426003,5
2022-12-13,2022-12-19,dev_04,-0.025893958076448786,0.007872151210904121,5
2022-12-14,2022-12-20,dev_04,-0.048602673147023046,-0.003935201559215784,5
2022-12-15,2022-12-21,dev_04,-0.04645476772616142,0.0068288384936749935,5
2022-12-16,2022-12-22,dev_04,-0.012468827930174564,0.007723902352154255,5
2022-12-19,2022-12-23,dev_04,-0.007653061224489832,0.014323378913104534,5
2022-12-20,2022-12-26,dev_04,-0.025316455696202556,0.015330377966165543,5
2022-12-21,2022-12-27,dev_04,-0.016602809706257937,0.01045443769544363,5
2022-12-22,2022-12-28,dev_04,-0.02564102564102566,0.008496157824993134,5
2022-12-23,2022-12-29,dev_04,-0.05303030303030298,0.014190265908837318,5
2022-12-26,2023-01-02,dev_04,-0.02699228791773778,0.0040183779783546925,5
2022-12-27,2023-01-03,dev_04,-0.018181818181818188,0.009233864024281502,5
2022-12-28,2023-01-04,dev_04,0.051948051948051965,0.014842200092971325,5
2022-12-29,2023-01-05,dev_04,0.07105263157894748,0.010626603849232197,5
2023-07-03,2023-07-07,dev_06,-0.02951388888888884,0.00938995648175478,1
2023-07-04,2023-07-10,dev_06,-0.062074829931972775,0.0015701537486165762,1
2023-07-05,2023-07-11,dev_06,-0.03816793893129766,0.0071820602752268314,1
2023-07-06,2023-07-12,dev_06,-0.011139674378748965,0.009819033555686474,1
2023-07-07,2023-07-13,dev_06,0.002636203866432263,0.015094595029950142,1
2023-07-10,2023-07-14,dev_06,0.05545617173524153,0.010177167132496834,1
2023-07-11,2023-07-17,dev_06,0.06255666364460555,0.007212258875370026,1
2023-07-12,2023-07-18,dev_06,0.03880070546737224,0.009006202220916748,1
2023-07-13,2023-07-19,dev_06,0.018197573656845822,0.005724487826228142,1
2023-07-14,2023-07-20,dev_06,0.024539877300613577,0.0006635672762058675,1
2023-07-17,2023-07-21,dev_06,-0.02457627118644068,-0.002130220178514719,1
2023-07-18,2023-07-24,dev_06,-0.027303754266211566,0.006713746581226587,1
2023-07-19,2023-07-25,dev_06,-0.0373514431239389,0.0008022713009268045,1
2023-07-20,2023-07-26,dev_06,-0.03829787234042559,0.005802301689982414,1
2023-07-21,2023-07-27,dev_06,0.06073567151411452,0.007579952012747526,1
2023-07-24,2023-07-28,dev_06,0.11207645525629895,0.009191671386361122,1
2023-07-25,2023-07-31,dev_06,0.08245614035087723,0.004952080547809601,1
2023-07-26,2023-08-01,dev_06,0.10317460317460325,0.008659947663545609,1
2023-07-27,2023-08-02,dev_06,0.05752212389380529,0.002142111537978053,1
2023-07-28,2023-08-03,dev_06,-0.032258064516129004,-0.00418292498216033,1
2023-07-31,2023-08-04,dev_06,-0.061718750000000044,-0.003063945099711418,1
2023-08-01,2023-08-07,dev_06,-0.012155591572123203,0.004596198443323374,1
2023-08-02,2023-08-08,dev_06,-0.05195843325339733,-0.005159755237400532,1
2023-08-03,2023-08-09,dev_06,-0.008368200836820106,0.018816234543919563,1
2023-08-04,2023-08-10,dev_06,-0.012499999999999956,-0.00011702440679073334,1
2023-08-07,2023-08-11,dev_06,-0.03996669442131562,-0.0021834089420735836,1
2023-08-08,2023-08-14,dev_06,-0.057424118129614454,-0.003228959161788225,1
2023-08-09,2023-08-16,dev_06,-0.02360876897133224,0.007453991565853357,1
2023-08-10,2023-08-17,dev_06,-0.03122362869198314,0.0037114969454705715,1
2023-08-11,2023-08-18,dev_06,-0.010970464135021119,0.011090293526649475,1
2023-08-14,2023-08-21,dev_06,0.0095403295750216,0.014699895866215229,1
2023-08-16,2023-08-22,dev_06,0.013925152306353272,0.012472064234316349,1
2023-08-17,2023-08-23,dev_06,0.0017271157167531026,0.007819709368050098,1
2023-08-18,2023-08-24,dev_06,0.05313588850174211,0.009103083983063698,1
2023-08-21,2023-08-25,dev_06,-0.005972696245733822,0.0002297816681675613,1
2023-08-22,2023-08-28,dev_06,-0.004295532646048095,0.003391565289348364,1
2023-08-23,2023-08-29,dev_06,0.018025751072961338,0.010606071911752224,1
2023-08-24,2023-08-30,dev_06,0.02931034482758621,0.013149403966963291,1
2023-08-25,2023-08-31,dev_06,0.007444168734491274,0.010266387835144997,1
2023-08-28,2023-09-01,dev_06,0.030042918454935563,0.02079545333981514,1
2023-08-29,2023-09-04,dev_06,0.028472821397756753,-0.00041958867223002017,1
2023-08-30,2023-09-05,dev_06,0.006745362563237878,0.004926940426230431,1
2023-08-31,2023-09-06,dev_06,-0.01005025125628145,-0.002678946126252413,1
2023-09-01,2023-09-07,dev_06,-0.027093596059113323,0.0006354505894705653,1
2023-09-04,2023-09-08,dev_06,-0.05249999999999999,0.000293319346383214,1
2023-09-05,2023-09-11,dev_06,-0.027684563758389236,-0.0038599867839366198,1
2023-09-06,2023-09-12,dev_06,-0.022613065326633208,0.00026155600789934397,1
2023-09-07,2023-09-13,dev_06,0.002538071065989911,0.009578744880855083,1
2023-09-08,2023-09-14,dev_06,0.03122362869198314,0.0023003877140581608,1
2023-09-11,2023-09-15,dev_06,0.07651715039577844,0.011422679759562016,1
2023-09-12,2023-09-18,dev_06,0.026747195858498607,0.002811956452205777,1
2023-09-13,2023-09-19,dev_06,0.02142245072836335,0.0019143861718475819,1
2023-09-14,2023-09-20,dev_06,-0.00421940928270037,0.0035818926990032196,1
2023-09-15,2023-09-21,dev_06,-0.04664484451718498,0.0016899657202884555,1
2023-09-18,2023-09-22,dev_06,-0.04166666666666663,0.0009168613469228148,1
2023-09-19,2023-09-25,dev_06,-0.01680672268907568,0.008339611813426018,1
2023-09-20,2023-09-26,dev_06,-0.03523489932885904,0.004667265340685844,1
2023-09-21,2023-09-27,dev_06,-0.027966101694915202,0.011337397620081902,1
2023-09-22,2023-10-04,dev_06,-0.009442060085836923,0.011510870419442654,1
2023-09-25,2023-10-05,dev_06,0.024722932651321416,-0.002455307636409998,1
2023-09-26,2023-10-06,dev_06,0.029059829059828957,0.004227580036967993,1
2023-09-27,2023-10-10,dev_06,0.03913043478260869,0.012152045965194702,1
2023-10-04,2023-10-11,dev_06,0.03923278116826512,0.004540309775620699,1
2023-10-05,2023-10-12,dev_06,0.0762564991334489,-0.004824941512197256,1
2023-10-06,2023-10-13,dev_06,0.03743760399334439,0.014240684919059277,1
2023-10-10,2023-10-16,dev_06,0.030730897009966673,0.0009077205904759467,1
2023-10-11,2023-10-17,dev_06,0.08786610878661083,-0.004078398924320936,1
2023-10-12,2023-10-18,dev_06,0.09060402684563762,-0.0018475461984053254,1
2023-10-13,2023-10-19,dev_06,0.012077294685990392,-0.001853669062256813,1
2023-10-16,2023-10-20,dev_06,0.012028869286287103,-0.004159909673035145,1
2023-10-17,2023-10-23,dev_06,-0.0008058017727639033,-0.005299198906868696,1
2023-10-18,2023-10-24,dev_06,-0.024615384615384595,-0.004972867667675018,1
2023-10-19,2023-10-25,dev_06,-0.019230769230769273,-0.010669310577213764,1
2023-10-20,2023-10-26,dev_06,-0.04534606205250602,0.00512620760127902,1
2023-10-23,2023-10-27,dev_06,-0.05625990491283672,-0.0014890844468027353,1
2023-10-24,2023-10-30,dev_06,-0.039516129032258096,0.008859298191964626,1
2023-10-25,2023-10-31,dev_06,-0.08280757097791802,0.011462469585239887,1
2023-10-26,2023-11-01,dev_06,-0.05647058823529416,0.003931265324354172,1
2023-10-27,2023-11-02,dev_06,0.04416666666666669,0.02420678921043873,1
2023-10-30,2023-11-03,dev_06,0.056255247691015864,-0.01052538026124239,1
2023-10-31,2023-11-06,dev_06,0.11670864819479432,0.0061455476097762585,1
2023-11-01,2023-11-07,dev_06,0.12123817712811702,0.014130111783742905,1
2023-11-02,2023-11-08,dev_06,0.060681629260182834,0.00825856439769268,1
2023-11-03,2023-11-09,dev_06,0.02154828411811649,0.01318967342376709,1
2023-11-06,2023-11-10,dev_06,0.037360890302066796,-0.0005115928943268955,1
2023-11-07,2023-11-13,dev_06,-0.009022556390977488,-0.006676523946225643,1
2023-11-08,2023-11-14,dev_06,-0.0030674846625766694,0.0035893465392291546,1
2023-11-09,2023-11-15,dev_06,0.05094043887147337,0.005378113128244877,1
2023-11-10,2023-11-16,dev_06,0.03359375000000009,0.006991031114012003,1
2023-11-13,2023-11-17,dev_06,-0.0045977011494252595,0.0015335041098296642,1
2023-11-14,2023-11-20,dev_06,-0.003034901365705611,0.004942127503454685,1
2023-11-15,2023-11-21,dev_06,0.01538461538461533,0.004576326347887516,1
2023-11-16,2023-11-22,dev_06,-0.020879940343027537,0.006585726980119944,1
2023-11-17,2023-11-23,dev_06,-0.016628873771730945,0.007381736766546965,1
2023-11-20,2023-11-24,dev_06,-0.014626635873749017,0.009451759979128838,1
2023-11-21,2023-11-27,dev_06,-0.0053272450532724225,0.004716944880783558,1
2023-11-22,2023-11-28,dev_06,-0.004545454545454519,0.003383808070793748,1
2023-11-23,2023-11-29,dev_06,-0.006854531607006886,0.006935519631952047,1
2023-11-24,2023-11-30,dev_06,0.029208301306687057,0.00569630553945899,1
2023-11-27,2023-12-01,dev_06,0.035937499999999956,0.012804852798581123,1
2023-11-28,2023-12-04,dev_06,0.003060443764345777,0.005485143046826124,1
2023-11-29,2023-12-05,dev_06,-0.041856925418569224,0.008154927752912045,1
2023-11-30,2023-12-06,dev_06,-0.036809815950920255,0.006739836186170578,1
2023-12-01,2023-12-07,dev_06,-0.06198655713218815,-0.002575353253632784,1
2023-12-04,2023-12-08,dev_06,-0.038461538461538436,0.002895400393754244,1
2023-12-05,2023-12-11,dev_06,-0.016781083142639153,0.004231165628880262,1
2023-12-06,2023-12-12,dev_06,0.04050833995234315,0.012746287509799004,1
2023-12-07,2023-12-13,dev_06,0.04458598726114649,0.0036237440072000027,1
2023-12-08,2023-12-14,dev_06,0.08837579617834401,0.004757119808346033,1
2023-12-11,2023-12-15,dev_06,0.0980392156862746,0.0034846700727939606,1
2023-12-12,2023-12-18,dev_06,0.08611326609775016,-0.0012333159102126956,1
2023-12-13,2023-12-19,dev_06,0.05496183206106875,0.003570984583348036,1
2023-12-14,2023-12-20,dev_06,0.07088414634146334,-0.005783149041235447,1
2023-12-15,2023-12-21,dev_06,0.027798098024871987,-0.007445177994668484,1
2023-12-18,2023-12-22,dev_06,0.004285714285714226,-0.00010370888776378706,1
2023-12-19,2023-12-26,dev_06,0.00642857142857145,-0.004927434492856264,1
2023-12-20,2023-12-27,dev_06,0.01591895803183796,0.003113118000328541,1
2023-12-21,2023-12-28,dev_06,0.007117437722419906,0.001459820312447846,1
2023-12-22,2024-01-02,dev_06,0.013523131672597888,0.004422035999596119,1
2023-12-26,2024-01-03,dev_06,-0.027027027027026973,-0.002150510437786579,1
2023-12-27,2024-01-04,dev_06,-0.031937544357700465,0.009234372526407242,1
2023-12-28,2024-01-05,dev_06,-0.02065527065527062,0.006038431078195572,1
2024-01-02,2024-01-08,dev_07,-0.03886925795053009,0.005883512552827597,1
2024-01-03,2024-01-09,dev_07,-0.0351123595505618,0.0014468185836449265,1
2024-01-04,2024-01-10,dev_07,-0.02412280701754388,0.014557290822267532,1
2024-01-05,2024-01-11,dev_07,-0.0029325513196480912,0.0025694535579532385,1
2024-01-08,2024-01-12,dev_07,-0.02472727272727271,0.004019956104457378,1
2024-01-09,2024-01-15,dev_07,-0.013970588235294068,0.008058642037212849,1
2024-01-10,2024-01-16,dev_07,-0.03857350800582238,0.0025078344624489546,1
2024-01-11,2024-01-17,dev_07,-0.01872659176029967,0.009520886465907097,1
2024-01-12,2024-01-18,dev_07,0.0014705882352941124,-0.005921737290918827,1
2024-01-15,2024-01-19,dev_07,0.05369127516778516,0.011165530420839787,1
2024-01-16,2024-01-22,dev_07,0.06338553318419082,0.008337627165019512,1
2024-01-17,2024-01-23,dev_07,0.06585919757759284,0.004016248509287834,1
2024-01-18,2024-01-24,dev_07,0.08015267175572527,-0.00030818162485957146,1
2024-01-19,2024-01-25,dev_07,0.008810572687224738,0.0033243976067751646,1
2024-01-22,2024-01-26,dev_07,-0.03750884642604391,0.0003783867578022182,1
2024-01-23,2024-01-29,dev_07,-0.05329593267882193,0.0028625112026929855,1
2024-01-24,2024-01-30,dev_07,-0.027698863636363646,0.000470312952529639,1
2024-01-25,2024-01-31,dev_07,-0.048056537102473484,-0.0026825296226888895,1
2024-01-26,2024-02-01,dev_07,-0.03420669577874813,-0.006162196397781372,1
2024-01-29,2024-02-02,dev_07,-0.008088235294117618,-0.008179779164493084,1
2024-01-30,2024-02-05,dev_07,-0.020000000000000018,0.0005143474554643035,1
2024-01-31,2024-02-06,dev_07,0.008035062089116085,0.0011972871143370867,1
2024-02-01,2024-02-07,dev_07,0.024498886414253906,0.003069588216021657,1
2024-02-02,2024-02-08,dev_07,0.07611152976639035,-0.001503324368968606,1
2024-02-05,2024-02-13,dev_07,0.11193476649369893,-0.005472003947943449,1
2024-02-06,2024-02-14,dev_07,0.1239606953892669,0.009393534623086452,1
2024-02-07,2024-02-15,dev_07,0.07898550724637676,0.004912212956696749,1
2024-02-08,2024-02-16,dev_07,0.06376811594202891,-0.0014040146488696337,1
2024-02-13,2024-02-19,dev_07,0.059523809523809534,-0.008341201581060886,1
2024-02-14,2024-02-20,dev_07,-0.002666666666666706,0.006614162120968103,1
2024-02-15,2024-02-21,dev_07,0.0020174848688634395,-0.005372351035475731,1
2024-02-16,2024-02-22,dev_07,0.051040967092008005,-0.001955110812559724,1
2024-02-19,2024-02-23,dev_07,0.09945504087193457,-0.0003371033235453069,1
2024-02-20,2024-02-26,dev_07,0.06939854593522798,-0.008205174468457699,1
2024-02-21,2024-02-27,dev_07,0.02807486631016043,-0.00436956062912941,1
2024-02-22,2024-02-28,dev_07,0.06040268456375841,-0.014673075638711452,1
2024-02-23,2024-02-29,dev_07,-0.00191693290734829,0.006649240851402283,1
2024-02-26,2024-03-04,dev_07,0.03159851301115246,0.006320415996015072,1
2024-02-27,2024-03-05,dev_07,0.024721878862793645,-0.0025281733833253384,1
2024-02-28,2024-03-06,dev_07,0.05916775032509758,-0.00027004803996533155,1
2024-02-29,2024-03-07,dev_07,0.04367088607594938,-0.0117366136983037,1
2024-03-04,2024-03-08,dev_07,0.10051216389244555,-0.00583995645865798,1
2024-03-05,2024-03-11,dev_07,0.0006006006006005205,0.010047374293208122,1
2024-03-06,2024-03-12,dev_07,-0.0006031363088058184,-0.005310596898198128,1
2024-03-07,2024-03-13,dev_07,0.0042971147943524635,-0.0026450022123754025,1
2024-03-08,2024-03-14,dev_07,-0.018192844147968512,-0.007953952997922897,1
2024-03-11,2024-03-15,dev_07,-0.06224549156486325,0.0005325188394635916,1
2024-03-12,2024-03-18,dev_07,-0.013805522208883536,0.011293736286461353,1
2024-03-13,2024-03-19,dev_07,-0.033192516596258326,-0.006808436010032892,1
2024-03-14,2024-03-20,dev_07,-0.04339853300733498,-0.0021134079433977604,1
2024-03-15,2024-03-21,dev_07,0.05003088326127236,-0.004523968789726496,1
2024-03-18,2024-03-22,dev_07,0.053349875930521096,-0.00217459280975163,1
2024-03-19,2024-03-25,dev_07,0.031040779062690094,8.803319360595196e-05,1
2024-03-20,2024-03-26,dev_07,0.10237203495630465,0.008660071529448032,1
2024-03-21,2024-03-27,dev_07,0.1578274760383387,0.002210605889558792,1
2024-03-22,2024-03-28,dev_07,0.048235294117647154,0.014951630495488644,1
2024-03-25,2024-03-29,dev_07,0.07773851590106018,-0.0016558371717110276,1
2024-03-26,2024-04-01,dev_07,0.0950413223140496,-0.007441720459610224,1
2024-03-27,2024-04-02,dev_07,0.05492638731596822,-0.001963948830962181,1
2024-03-28,2024-04-03,dev_07,-0.01103752759381893,-0.017404697835445404,1
2024-03-29,2024-04-04,dev_07,0.054994388327721744,-0.00660896860063076,1
2024-04-01,2024-04-05,dev_07,-0.0010928961748634114,-0.00839396845549345,1
2024-04-02,2024-04-08,dev_07,-0.023180592991913773,-0.0008224806515499949,1
2024-04-03,2024-04-09,dev_07,-0.018250134192163148,-0.006218034774065018,1
2024-04-04,2024-04-11,dev_07,0.05133928571428581,0.006579261738806963,1
2024-04-05,2024-04-12,dev_07,-0.0031914893617021045,0.000721704273018986,1
2024-04-08,2024-04-15,dev_07,0.029540481400437635,0.005636429414153099,1
2024-04-09,2024-04-16,dev_07,-0.011589403973509937,0.0014216217678040266,1
2024-04-11,2024-04-17,dev_07,-0.02296336796063425,-0.0005830373265780509,1
2024-04-12,2024-04-18,dev_07,-0.03237791932059453,-0.0028186943382024765,1
2024-04-15,2024-04-19,dev_07,-0.07524012806830305,0.0034116427414119244,1
2024-04-16,2024-04-22,dev_07,-0.08820403825717327,0.0036854546051472425,1
2024-04-17,2024-04-23,dev_07,-0.045226130653266305,0.0156304519623518,1
2024-04-18,2024-04-24,dev_07,0.006155567991046551,-0.005081066396087408,1
2024-04-19,2024-04-25,dev_07,-0.06417992320351074,-5.087197678221855e-06,1
2024-04-22,2024-04-26,dev_07,0.025966532025389455,0.01799519918859005,1
2024-04-23,2024-04-29,dev_07,0.02505827505827507,0.00023767532547935843,1
2024-04-24,2024-04-30,dev_07,0.01871345029239757,0.002202424220740795,1
2024-04-25,2024-05-02,dev_07,-0.03448275862068961,0.011915101669728756,1
2024-04-26,2024-05-03,dev_07,0.015240328253223856,0.014380233362317085,1
2024-04-29,2024-05-07,dev_07,0.01012373453318327,-0.0011407439596951008,1
2024-04-30,2024-05-08,dev_07,0.011938601478112654,-0.0037704184651374817,1
2024-05-02,2024-05-09,dev_07,0.006888633754305484,-0.006075278855860233,1
2024-05-03,2024-05-10,dev_07,0.03629032258064524,-0.0012570167891681194,1
2024-05-07,2024-05-13,dev_07,0.06120092378752884,-0.005591125693172216,1
2024-05-08,2024-05-14,dev_07,0.031737193763919924,0.006432657595723867,1
2024-05-09,2024-05-16,dev_07,0.08426966292134841,0.002579333959147334,1
2024-05-10,2024-05-17,dev_07,0.08266818700114031,-0.001235797069966793,1
2024-05-13,2024-05-20,dev_07,0.05669816564758201,-0.00038757940637879074,1
2024-05-14,2024-05-21,dev_07,0.044613710554951114,-0.0022543088998645544,1
2024-05-16,2024-05-22,dev_07,0.06691851052347553,0.004920156206935644,1
2024-05-17,2024-05-23,dev_07,0.03626943005181338,0.004387733992189169,1
2024-05-20,2024-05-24,dev_07,0.04581358609794628,0.008288823068141937,1
2024-05-21,2024-05-27,dev_07,0.0599684376643872,-0.002640731865540147,1
2024-05-22,2024-05-28,dev_07,0.0546875,0.0034578372724354267,1
2024-05-23,2024-05-29,dev_07,0.02427921092564489,-0.004496758338063955,1
2024-05-24,2024-05-30,dev_07,-0.021499999999999964,0.006062064785510302,1
2024-05-27,2024-05-31,dev_07,-0.04733131923464251,-0.004883132874965668,1
2024-05-28,2024-06-03,dev_07,-0.03622828784119103,0.00407616188749671,1
2024-05-29,2024-06-04,dev_07,-0.04543209876543208,0.0003147245733998716,1
2024-05-30,2024-06-05,dev_07,-0.04345679012345682,0.003988476004451513,1
2024-05-31,2024-06-07,dev_07,0.06029637199795612,0.010020340792834759,1
2024-06-03,2024-06-10,dev_07,0.09936575052854124,-0.008705687709152699,1
2024-06-04,2024-06-11,dev_07,0.09423274974253348,0.0022562306839972734,1
2024-06-05,2024-06-12,dev_07,0.11226073460941532,-0.004680278245359659,1
2024-06-07,2024-06-13,dev_07,0.14610221992772332,0.003766929032281041,1
2024-06-10,2024-06-14,dev_07,0.06506024096385543,0.006403530016541481,1
2024-06-11,2024-06-17,dev_07,0.07211538461538458,0.00046198663767427206,1
2024-06-12,2024-06-18,dev_07,0.10352941176470587,-0.004270636010915041,1
2024-06-13,2024-06-19,dev_07,0.086046511627907,-0.0014604234602302313,1
2024-06-14,2024-06-20,dev_07,0.06981981981981988,0.0010357375722378492,1
2024-06-17,2024-06-21,dev_07,0.05882352941176472,0.007445436902344227,1
2024-06-18,2024-06-24,dev_07,0.0,-0.009721609763801098,1
2024-06-19,2024-06-25,dev_07,-0.04051172707889128,0.00793861411511898,1
2024-06-20,2024-06-26,dev_07,0.01498929336188426,-0.019703226163983345,1
2024-06-21,2024-06-27,dev_07,-0.004210526315789442,0.0007318802527152002,1
2024-06-24,2024-06-28,dev_07,0.010683760683760646,-0.011811320669949055,1
2024-06-25,2024-07-01,dev_07,0.056053811659192876,0.012316539883613586,1
2024-06-26,2024-07-02,dev_07,0.03111111111111109,-0.013693254441022873,1
2024-06-27,2024-07-03,dev_07,-0.00421940928270037,0.0037214565090835094,1
2024-06-28,2024-07-04,dev_07,-0.02748414376321351,0.0050436947494745255,1
2024-07-01,2024-07-05,dev_08,-0.0021141649048626032,0.0070142294280231,6
2024-07-02,2024-07-08,dev_08,-0.00849256900212314,0.014836395159363747,6
2024-07-03,2024-07-09,dev_08,0.028017241379310276,0.005860877223312855,6
2024-07-04,2024-07-10,dev_08,0.012711864406779627,0.018859487026929855,6
2024-07-05,2024-07-11,dev_08,0.047826086956521685,0.02656051516532898,6
2024-07-08,2024-07-12,dev_08,-0.012711864406779627,0.015221916139125824,6
2024-07-09,2024-07-15,dev_08,-0.01498929336188437,0.005878519266843796,6
2024-07-10,2024-07-16,dev_08,-0.023060796645702264,0.004769413731992245,6
2024-07-11,2024-07-17,dev_08,-0.07740585774058573,-0.004404911305755377,6
2024-07-12,2024-07-18,dev_08,-0.1182572614107884,-0.0027702173683792353,6
2024-07-15,2024-07-19,dev_08,-0.10085836909871249,0.011808058246970177,6
2024-07-16,2024-07-22,dev_08,-0.10869565217391308,0.009346364066004753,6
2024-07-17,2024-07-23,dev_08,-0.12017167381974247,0.016378747299313545,6
2024-07-18,2024-07-24,dev_08,-0.05442176870748294,0.014464433304965496,6
2024-07-19,2024-07-25,dev_08,-0.10588235294117643,0.02588539756834507,6
2024-07-22,2024-07-26,dev_08,-0.08448687350835327,0.008984969928860664,6
2024-07-23,2024-07-29,dev_08,-0.04585365853658541,0.025961196050047874,6
2024-07-24,2024-07-30,dev_08,-0.07853658536585362,0.01381036825478077,6
2024-07-25,2024-07-31,dev_08,-0.06666666666666665,0.026880646124482155,6
2024-07-26,2024-08-01,dev_08,0.017368421052631478,0.034142058342695236,6
2024-07-29,2024-08-02,dev_08,-0.09697601668404587,0.00538218067958951,6
2024-07-30,2024-08-05,dev_08,-0.20194274028629855,0.029564956203103065,6
2024-07-31,2024-08-06,dev_08,-0.1334039174166225,0.027162162587046623,6
2024-08-01,2024-08-07,dev_08,-0.13001027749229188,0.02452157437801361,6
2024-08-02,2024-08-08,dev_08,-0.1546818416968443,0.017367688938975334,6
2024-08-05,2024-08-09,dev_08,-0.009815242494226273,0.030892983078956604,6
2024-08-06,2024-08-12,dev_08,0.13388853299167192,0.061138227581977844,6
2024-08-07,2024-08-13,dev_08,0.11117898594990838,0.041090261191129684,6
2024-08-08,2024-08-14,dev_08,0.10277613703484945,0.011271926574409008,6
2024-08-09,2024-08-16,dev_08,0.22215422276621788,0.034590013325214386,6
2024-08-12,2024-08-19,dev_08,0.1306122448979592,0.013256420381367207,6
2024-08-13,2024-08-20,dev_08,0.1282485875706214,-0.012077190913259983,6
2024-08-14,2024-08-21,dev_08,0.05882352941176472,0.00035957948421128094,6
2024-08-16,2024-08-22,dev_08,0.023567220139260936,0.026498407125473022,6
2024-08-19,2024-08-23,dev_08,-0.071106659989985,0.013851087540388107,6
2024-08-20,2024-08-26,dev_08,-0.07374935533780302,0.01840379275381565,6
2024-08-21,2024-08-27,dev_08,-0.12368552829243862,0.0017436557682231069,6
2024-08-22,2024-08-28,dev_08,-0.06905503634475596,-0.001794256386347115,6
2024-08-23,2024-08-29,dev_08,-0.11198325484039773,-0.005046672187745571,6
2024-08-26,2024-08-30,dev_08,-0.06361185983827489,0.01640571653842926,6
2024-08-27,2024-09-02,dev_08,-0.031180400890868598,0.006905285641551018,6
2024-08-28,2024-09-03,dev_08,-0.038285714285714256,0.02281850390136242,6
2024-08-29,2024-09-04,dev_08,-0.13664249860568878,0.013698657043278217,6
2024-08-30,2024-09-05,dev_08,-0.06069534472598703,0.017230264842510223,6
2024-09-02,2024-09-06,dev_08,-0.09959700633275759,0.010706983506679535,6
2024-09-03,2024-09-09,dev_08,-0.0977011494252874,0.026547804474830627,6
2024-09-04,2024-09-10,dev_08,-0.07605466428995844,0.02150324173271656,6
2024-09-05,2024-09-11,dev_08,0.015503875968992276,0.0525437630712986,6
2024-09-06,2024-09-12,dev_08,0.05897114178168139,0.007292979396879673,6
2024-09-09,2024-09-13,dev_08,0.04092071611253201,0.003643265925347805,6
2024-09-10,2024-09-19,dev_08,-0.026751592356687892,0.014521792531013489,6
2024-09-11,2024-09-20,dev_08,0.01028938906752419,0.04093089699745178,6
2024-09-12,2024-09-23,dev_08,0.03053435114503822,0.008043606765568256,6
2024-09-13,2024-09-24,dev_08,-0.03139810426540279,0.008299432694911957,6
2024-09-19,2024-09-25,dev_08,0.01535626535626533,0.021845107898116112,6
2024-09-20,2024-09-26,dev_08,0.18390052356020936,0.05181676894426346,6
2024-09-23,2024-09-27,dev_08,0.16995544239338,0.008206609636545181,6
2024-09-24,2024-09-30,dev_08,0.07777777777777772,0.007034750189632177,6
2024-09-25,2024-10-02,dev_08,0.03425076452599396,0.023296261206269264,6
2024-09-26,2024-10-04,dev_08,0.05323653962492436,0.018016057088971138,6
2024-09-27,2024-10-07,dev_08,0.022111663902708578,0.004029403906315565,6
2024-09-30,2024-10-08,dev_08,-0.031556039173014194,-0.003186840331181884,6
2024-10-02,2024-10-10,dev_08,0.06930126002290948,0.035881444811820984,6
2024-10-04,2024-10-11,dev_08,0.09994086339444119,0.04191466048359871,6
2025-02-13,2025-02-19,dev_09,0.09854198089492217,0.02161583863198757,3
2025-02-14,2025-02-20,dev_09,0.01678657074340517,0.006667525507509708,3
2025-02-17,2025-02-21,dev_09,-0.0023809523809523725,0.005856998730450869,3
2025-02-18,2025-02-24,dev_09,-0.03301886792452835,0.005465150810778141,3
2025-02-19,2025-02-25,dev_09,-0.04523809523809519,0.00967645738273859,3
2025-02-20,2025-02-26,dev_09,-0.07093821510297482,0.003949758131057024,3
2025-02-21,2025-02-27,dev_09,-0.060377358490566024,0.012527428567409515,3
2025-02-24,2025-02-28,dev_09,-0.09212410501193313,0.007191055919975042,3
2025-02-25,2025-03-04,dev_09,-0.09219512195121948,0.015385650098323822,3
2025-02-26,2025-03-05,dev_09,-0.03690773067331676,0.008971655741333961,3
2025-02-27,2025-03-06,dev_09,-0.05221674876847293,0.009602827951312065,3
2025-02-28,2025-03-07,dev_09,-0.034136546184738936,0.011483966372907162,3
2025-03-04,2025-03-10,dev_09,-0.012092534174553138,0.019104480743408203,3
2025-03-05,2025-03-11,dev_09,0.009134873723804393,0.011273412965238094,3
2025-03-06,2025-03-12,dev_09,0.030036250647333063,0.010260301642119884,3
2025-03-07,2025-03-13,dev_09,0.03794178794178804,0.010967819020152092,3
2025-03-10,2025-03-14,dev_09,0.06288981288981299,0.01741974987089634,3
2025-03-11,2025-03-17,dev_09,0.09632783395423106,0.01537918671965599,3
2025-03-12,2025-03-18,dev_09,0.08093716719914812,0.009210585616528988,3
2025-03-13,2025-03-19,dev_09,0.03318250377073917,0.012876064516603947,3
2025-03-14,2025-03-20,dev_09,0.0515773660490737,0.015334472060203552,3
2025-03-17,2025-03-21,dev_09,0.05378973105134466,0.006346330512315035,3
2025-03-18,2025-03-24,dev_09,0.02669902912621369,0.004598445724695921,3
2025-03-19,2025-03-25,dev_09,0.024630541871921263,0.007436481304466724,3
2025-03-20,2025-03-26,dev_09,0.041362530413625365,0.0037569748237729073,3
2025-03-21,2025-03-27,dev_09,-0.014285714285714235,0.004894580226391554,3
2025-03-24,2025-03-28,dev_09,-0.07517401392111367,0.0034651034511625767,3
2025-03-25,2025-03-31,dev_09,-0.09834515366430263,0.002663007704541087,3
2025-03-26,2025-04-01,dev_09,-0.05288461538461542,0.003896163310855627,3
2025-03-27,2025-04-02,dev_09,-0.0752336448598131,0.007974617183208466,3
2025-03-28,2025-04-03,dev_09,-0.05990338164251208,0.008689693175256252,3
2025-03-31,2025-04-04,dev_09,-0.08580030105368786,0.015627890825271606,3
2025-04-01,2025-04-07,dev_09,-0.13581541688515997,0.021715721115469933,3
2025-04-02,2025-04-08,dev_09,-0.13959390862944165,0.012059325352311134,3
2025-04-03,2025-04-09,dev_09,-0.16624557857503786,0.013513384386897087,3
2025-04-04,2025-04-10,dev_09,-0.058581706063720485,0.018630197271704674,3
2025-04-07,2025-04-11,dev_09,-0.007683863885839748,0.03134395554661751,3
2025-04-08,2025-04-14,dev_09,0.09344660194174748,0.049911148846149445,3
2025-04-09,2025-04-15,dev_09,0.06548672566371683,0.01981869898736477,3
2025-04-10,2025-04-16,dev_09,0.05454545454545445,0.04874340072274208,3
2025-04-11,2025-04-17,dev_09,-0.04475982532751088,0.029787998646497726,3
2025-04-14,2025-04-18,dev_09,-0.03207964601769908,0.00761799281463027,3
2025-04-15,2025-04-21,dev_09,-0.019977802441731418,-0.005158274434506893,3
2025-04-16,2025-04-22,dev_09,-0.03765227021040973,-0.019306667149066925,3
2025-04-17,2025-04-23,dev_09,0.04022988505747116,0.021700648590922356,3
2025-04-18,2025-04-24,dev_09,0.018857142857142906,0.0130484439432621,3
2025-04-21,2025-04-25,dev_09,0.0537142857142856,-0.006643340922892094,3
2025-04-22,2025-04-28,dev_09,0.0305775764439411,0.008139587007462978,3
2025-04-23,2025-04-29,dev_09,0.04027617951668594,-0.007522681262344122,3
2025-04-24,2025-04-30,dev_09,-0.01933701657458564,0.010844436474144459,3
2025-04-25,2025-05-02,dev_09,0.04318564217610765,0.00500710541382432,3
2025-04-28,2025-05-07,dev_09,0.03470715835141003,0.008775985799729824,3
2025-04-29,2025-05-08,dev_09,0.045604395604395664,0.015082964673638344,3
2025-04-30,2025-05-09,dev_09,0.05143805309734506,0.010188179090619087,3
2025-05-02,2025-05-12,dev_09,0.09859154929577474,0.0068743606097996235,3
2025-05-07,2025-05-13,dev_09,0.06720430107526876,0.00347778107970953,3
2025-05-08,2025-05-14,dev_09,0.07966457023060802,0.01185445487499237,3
2025-05-09,2025-05-15,dev_09,0.05359957961114037,0.0016462677158415318,3
2025-05-12,2025-05-16,dev_09,0.07574960547080489,0.008106181398034096,3
2025-05-13,2025-05-19,dev_09,0.022564102564102573,0.005671392660588026,3
2025-05-14,2025-05-20,dev_09,0.017632241813602123,0.001194733427837491,3
2025-05-15,2025-05-21,dev_09,-0.02669902912621358,0.002416864736005664,3
2025-05-16,2025-05-22,dev_09,-0.01795511221945134,0.007269682828336954,3
2025-05-19,2025-05-23,dev_09,-0.022004889975550168,0.008371473290026188,3
2025-05-20,2025-05-26,dev_09,0.01805416248746239,0.005005056504160166,3
2025-05-21,2025-05-27,dev_09,0.0024752475247524774,0.0005635684356093407,3
2025-05-22,2025-05-28,dev_09,0.03740648379052369,0.0012003311421722174,3
2025-05-23,2025-05-29,dev_09,0.0766886744540376,0.005074933636933565,3
2025-05-26,2025-05-30,dev_09,0.022499999999999964,0.0054332660511136055,3
2025-05-27,2025-06-02,dev_09,0.022167487684729092,0.005609419662505388,3
