run_id,prediction_date,as_of_date,model,source_model,rank,feature,value,contribution,p_up,p_down,kind,horizon_days,raw_predicted_return
20260911T052322_934df3c4b8f0,2026-09-11,2026-09-10,No macro ensemble,No macro ensemble,1,micron_ret_1,-0.048999335616827,-0.5535060249110166,0.1595175903768233,0.6071221008231638,direction,1,
20260911T052322_934df3c4b8f0,2026-09-11,2026-09-10,No macro ensemble,No macro ensemble,2,us10y_level_z60,2.5819287300109863,-0.166764688675206,0.1595175903768233,0.6071221008231638,direction,1,
20260911T052322_934df3c4b8f0,2026-09-11,2026-09-10,No macro ensemble,No macro ensemble,3,sox_ret_1,-0.0265813320875167,-0.1317099606625449,0.1595175903768233,0.6071221008231638,direction,1,
20260911T052322_934df3c4b8f0,2026-09-11,2026-09-10,No macro ensemble,No macro ensemble,4,us10y_ret_1,0.0221211500465869,-0.0683629826776528,0.1595175903768233,0.6071221008231638,direction,1,
20260911T052322_934df3c4b8f0,2026-09-11,2026-09-10,No macro ensemble,No macro ensemble,5,nvidia_ret_1,-0.0226479135453701,-0.0535455029610999,0.1595175903768233,0.6071221008231638,direction,1,
20260911T093354_509662e2f5d0,2026-09-14,2026-09-11,No macro ensemble,No macro ensemble,1,micron_ret_1,-0.048999335616827,-0.4711677043077225,0.1522917713080446,0.5420856634552189,direction,1,
20260911T093354_509662e2f5d0,2026-09-14,2026-09-11,No macro ensemble,No macro ensemble,2,us10y_level_z60,2.5819287300109863,-0.1759820756682812,0.1522917713080446,0.5420856634552189,direction,1,
20260911T093354_509662e2f5d0,2026-09-14,2026-09-11,No macro ensemble,No macro ensemble,3,sam_ret_1,-0.0221262816339731,0.122664922774098,0.1522917713080446,0.5420856634552189,direction,1,
20260911T093354_509662e2f5d0,2026-09-14,2026-09-11,No macro ensemble,No macro ensemble,4,sox_ret_1,-0.0265813320875167,-0.1121554800462513,0.1522917713080446,0.5420856634552189,direction,1,
20260911T093354_509662e2f5d0,2026-09-14,2026-09-11,No macro ensemble,No macro ensemble,5,kospi_ret_1,-0.017630249261856,0.06877385037251,0.1522917713080446,0.5420856634552189,direction,1,
20260914T082046_95a3a495560e,2026-09-15,2026-09-14,Candidate evening forecast,No macro ensemble,1,sam_ret_1,-0.0634657815098762,0.2181364635655082,0.5324678317147469,0.1902271187427676,direction,1,
20260914T082046_95a3a495560e,2026-09-15,2026-09-14,Candidate evening forecast,No macro ensemble,2,us10y_level_z60,2.64357852935791,-0.2140168647588032,0.5324678317147469,0.1902271187427676,direction,1,
20260914T082046_95a3a495560e,2026-09-15,2026-09-14,Candidate evening forecast,No macro ensemble,3,sam_ret_5,-0.0482333153486251,0.1511039793894801,0.5324678317147469,0.1902271187427676,direction,1,
20260914T082046_95a3a495560e,2026-09-15,2026-09-14,Candidate evening forecast,No macro ensemble,4,sam_ret_2,-0.0841878056526184,0.1087902411982842,0.5324678317147469,0.1902271187427676,direction,1,
20260914T082046_95a3a495560e,2026-09-15,2026-09-14,Candidate evening forecast,No macro ensemble,5,micron_ret_1,-0.0021996533032506,-0.1018234373011755,0.5324678317147469,0.1902271187427676,direction,1,
20260915T115743_527547320e06,2026-09-16,2026-09-15,Candidate evening forecast,No macro ensemble,1,micron_ret_1,-0.0525295622646808,-0.6157432165771147,0.151589633300751,0.5790444658550649,direction,1,
20260915T115743_527547320e06,2026-09-16,2026-09-15,Candidate evening forecast,No macro ensemble,2,us10y_level_z60,2.382806301116944,-0.1886714270770087,0.151589633300751,0.5790444658550649,direction,1,
20260915T115743_527547320e06,2026-09-16,2026-09-15,Candidate evening forecast,No macro ensemble,3,sam_ret_2,-0.0673289149999618,0.1364652048275229,0.151589633300751,0.5790444658550649,direction,1,
20260915T115743_527547320e06,2026-09-16,2026-09-15,Candidate evening forecast,No macro ensemble,4,sox_ret_1,-0.0585859045386314,-0.128874451177927,0.151589633300751,0.5790444658550649,direction,1,
20260915T115743_527547320e06,2026-09-16,2026-09-15,Candidate evening forecast,No macro ensemble,5,micron_ret_5,-0.0910494849085807,-0.0855864936952322,0.151589633300751,0.5790444658550649,direction,1,
20260916T120703_2abb96b32b5d,2026-09-17,2026-09-16,Candidate evening forecast,No macro ensemble,1,sam_ret_1,0.0408284030854702,-0.1745502841027625,0.2189980218262886,0.4061370105984506,direction,1,
20260916T120703_2abb96b32b5d,2026-09-17,2026-09-16,Candidate evening forecast,No macro ensemble,2,us10y_level_z60,2.478363275527954,-0.1707088380365486,0.2189980218262886,0.4061370105984506,direction,1,
20260916T120703_2abb96b32b5d,2026-09-17,2026-09-16,Candidate evening forecast,No macro ensemble,3,micron_ret_5,-0.0726411491632461,-0.1389328428556973,0.2189980218262886,0.4061370105984506,direction,1,
20260916T120703_2abb96b32b5d,2026-09-17,2026-09-16,Candidate evening forecast,No macro ensemble,4,sam_ret_5,-0.052262932062149,0.0738287151323775,0.2189980218262886,0.4061370105984506,direction,1,
20260916T120703_2abb96b32b5d,2026-09-17,2026-09-16,Candidate evening forecast,No macro ensemble,5,micron_ret_1,0.0038634533993899,-0.0726543679294922,0.2189980218262886,0.4061370105984506,direction,1,
20260917T115711_30dd05af4a40,2026-09-18,2026-09-17,Candidate evening forecast,No macro ensemble,1,us10y_level_z60,2.386249542236328,-0.1724400951040261,0.2774314662893329,0.339939012762507,direction,1,
20260917T115711_30dd05af4a40,2026-09-18,2026-09-17,Candidate evening forecast,No macro ensemble,2,micron_ret_5,-0.0984850972890853,-0.1604709148780751,0.2774314662893329,0.339939012762507,direction,1,
20260917T115711_30dd05af4a40,2026-09-18,2026-09-17,Candidate evening forecast,No macro ensemble,3,sam_ret_5,-0.0582838654518127,0.0969680633208051,0.2774314662893329,0.339939012762507,direction,1,
20260917T115711_30dd05af4a40,2026-09-18,2026-09-17,Candidate evening forecast,No macro ensemble,4,micron_ret_1,-0.0011319405166432,-0.0872014364202083,0.2774314662893329,0.339939012762507,direction,1,
20260917T115711_30dd05af4a40,2026-09-18,2026-09-17,Candidate evening forecast,No macro ensemble,5,sox_ret_1,0.0063138324767351,0.0618576279780928,0.2774314662893329,0.339939012762507,direction,1,
20260918T114151_6d19218b8e9b,2026-09-21,2026-09-18,Candidate evening forecast,No macro ensemble,1,micron_ret_1,0.0549889504909515,0.5495692064655473,0.4441349150762717,0.174882930984054,direction,1,
20260918T114151_6d19218b8e9b,2026-09-21,2026-09-18,Candidate evening forecast,No macro ensemble,2,sox_ret_1,0.0314224101603031,0.1339773072447577,0.4441349150762717,0.174882930984054,direction,1,
20260918T114151_6d19218b8e9b,2026-09-21,2026-09-18,Candidate evening forecast,No macro ensemble,3,sam_ret_1,0.0641833841800689,-0.1338584818682686,0.4441349150762717,0.174882930984054,direction,1,
20260918T114151_6d19218b8e9b,2026-09-21,2026-09-18,Candidate evening forecast,No macro ensemble,4,sp500_ret_1,0.0113813383504748,0.0778133712223995,0.4441349150762717,0.174882930984054,direction,1,
20260918T114151_6d19218b8e9b,2026-09-21,2026-09-18,Candidate evening forecast,No macro ensemble,5,us10y_level_z60,1.8903356790542605,-0.0456777422470625,0.4441349150762717,0.174882930984054,direction,1,
20260921T101137_084f9135aca7,2026-09-22,2026-09-21,Candidate evening forecast,No macro ensemble,1,micron_ret_1,0.0391815751791,0.4229944759031595,0.4101389550844522,0.2458575516251129,direction,1,
20260921T101137_084f9135aca7,2026-09-22,2026-09-21,Candidate evening forecast,No macro ensemble,2,micron_ret_5,0.0415683798491954,0.0984131822117807,0.4101389550844522,0.2458575516251129,direction,1,
20260921T101137_084f9135aca7,2026-09-22,2026-09-21,Candidate evening forecast,No macro ensemble,3,sox_ret_1,0.027777099981904,0.0648255760038319,0.4101389550844522,0.2458575516251129,direction,1,
20260921T101137_084f9135aca7,2026-09-22,2026-09-21,Candidate evening forecast,No macro ensemble,4,us10y_level_z60,2.137770414352417,-0.0517297293500174,0.4101389550844522,0.2458575516251129,direction,1,
20260921T101137_084f9135aca7,2026-09-22,2026-09-21,Candidate evening forecast,No macro ensemble,5,us10y_ret_1,0.0103092780336737,-0.0477946313708849,0.4101389550844522,0.2458575516251129,direction,1,
20260922T093551_9255c7a9a2b6,2026-09-23,2026-09-22,Candidate evening forecast,No macro ensemble,1,micron_ret_1,0.0277219656854867,0.3003878017527125,0.5953234425729855,0.1473489844318805,direction,1,
20260922T093551_9255c7a9a2b6,2026-09-23,2026-09-22,Candidate evening forecast,No macro ensemble,2,micron_ret_5,0.1297900825738906,0.135803242800186,0.5953234425729855,0.1473489844318805,direction,1,
20260922T093551_9255c7a9a2b6,2026-09-23,2026-09-22,Candidate evening forecast,No macro ensemble,3,sox_ret_1,0.0429032705724239,0.1019691260762591,0.5953234425729855,0.1473489844318805,direction,1,
20260922T093551_9255c7a9a2b6,2026-09-23,2026-09-22,Candidate evening forecast,No macro ensemble,4,dxy_ret_1,0.0020953800994902,-0.0801681402356338,0.5953234425729855,0.1473489844318805,direction,1,
20260922T093551_9255c7a9a2b6,2026-09-23,2026-09-22,Candidate evening forecast,No macro ensemble,5,sam_range_1,0.0559782609343528,0.0794416161042008,0.5953234425729855,0.1473489844318805,direction,1,
20260923T115424_63214cbd9661,2026-09-28,2026-09-23,Candidate evening forecast,No macro ensemble,1,micron_ret_1,0.0277219656854867,0.34168982264229,0.56718975123436,0.1794880170638624,direction,1,
20260923T115424_63214cbd9661,2026-09-28,2026-09-23,Candidate evening forecast,No macro ensemble,2,micron_ret_5,0.1297900825738906,0.1395711088378657,0.56718975123436,0.1794880170638624,direction,1,
20260923T115424_63214cbd9661,2026-09-28,2026-09-23,Candidate evening forecast,No macro ensemble,3,sox_ret_1,0.0429032705724239,0.1148910751499229,0.56718975123436,0.1794880170638624,direction,1,
20260923T115424_63214cbd9661,2026-09-28,2026-09-23,Candidate evening forecast,No macro ensemble,4,dxy_ret_1,0.0020953800994902,-0.0793781115745072,0.56718975123436,0.1794880170638624,direction,1,
20260923T115424_63214cbd9661,2026-09-28,2026-09-23,Candidate evening forecast,No macro ensemble,5,sp500_ret_1,0.0149271544069051,0.0649100253847664,0.56718975123436,0.1794880170638624,direction,1,
20260927T213244_8b99db73cbfc,2026-09-28,2026-09-23,No macro ensemble,No macro ensemble,1,micron_ret_1,-0.0126623893156647,-0.2260997720117594,0.225717079023264,0.4667146875684083,direction,1,
20260927T213244_8b99db73cbfc,2026-09-28,2026-09-23,No macro ensemble,No macro ensemble,2,us10y_level_z60,2.71415638923645,-0.0703832937326409,0.225717079023264,0.4667146875684083,direction,1,
20260927T213244_8b99db73cbfc,2026-09-28,2026-09-23,No macro ensemble,No macro ensemble,3,us10y_ret_1,0.0434782616794109,-0.0559052531893174,0.225717079023264,0.4667146875684083,direction,1,
20260927T213244_8b99db73cbfc,2026-09-28,2026-09-23,No macro ensemble,No macro ensemble,4,sox_ret_1,-0.0016462506027892,0.0502426490590446,0.225717079023264,0.4667146875684083,direction,1,
20260927T213244_8b99db73cbfc,2026-09-28,2026-09-23,No macro ensemble,No macro ensemble,5,nvidia_ret_1,-0.0166032593697309,-0.0420677883417726,0.225717079023264,0.4667146875684083,direction,1,
20260927T213244_8b99db73cbfc,2026-09-28,2026-09-23,Ridge,Ridge,1,micron_ret_1,-0.0126623893156647,-0.0256997523044164,,,price,1,-0.0046698989825845
20260927T213244_8b99db73cbfc,2026-09-28,2026-09-23,Ridge,Ridge,2,us10y_ret_1,0.0434782616794109,-0.0209854232802784,,,price,1,-0.0046698989825845
20260927T213244_8b99db73cbfc,2026-09-28,2026-09-23,Ridge,Ridge,3,micron_ret_5,0.0654459968209266,0.0199235352796613,,,price,1,-0.0046698989825845
20260927T213244_8b99db73cbfc,2026-09-28,2026-09-23,Ridge,Ridge,4,cal_month_end,1.0,-0.0196546324767563,,,price,1,-0.0046698989825845
20260927T213244_8b99db73cbfc,2026-09-28,2026-09-23,Ridge,Ridge,5,korea_etf_ret_1,-0.0282421465963125,-0.0188280376964673,,,price,1,-0.0046698989825845
20260927T213244_8b99db73cbfc,2026-09-28,2026-09-23,Ridge,Ridge,1,macro_leading_cycle,4.199999809265137,-0.0438900832377972,,,price,5,0.00305518336098
20260927T213244_8b99db73cbfc,2026-09-28,2026-09-23,Ridge,Ridge,2,macro_semiconductor_yoy_change_1m,-0.205806091427803,-0.026306369118853,,,price,5,0.00305518336098
20260927T213244_8b99db73cbfc,2026-09-28,2026-09-23,Ridge,Ridge,3,macro_leading_change_3m,1.899999976158142,0.0230795103847369,,,price,5,0.00305518336098
20260927T213244_8b99db73cbfc,2026-09-28,2026-09-23,Ridge,Ridge,4,macro_leading_change_1m,0.4000000059604645,0.0162524476081386,,,price,5,0.00305518336098
20260927T213244_8b99db73cbfc,2026-09-28,2026-09-23,Ridge,Ridge,5,micron_ret_1,-0.0126623893156647,-0.0141826727661446,,,price,5,0.00305518336098
20260927T213244_8b99db73cbfc,2026-09-28,2026-09-23,Ridge,Ridge,1,macro_leading_cycle,4.199999809265137,-0.1159323549491195,,,price,20,0.0389369413096057
20260927T213244_8b99db73cbfc,2026-09-28,2026-09-23,Ridge,Ridge,2,macro_semiconductor_log_usd,24.437206268310547,0.0436701335612075,,,price,20,0.0389369413096057
20260927T213244_8b99db73cbfc,2026-09-28,2026-09-23,Ridge,Ridge,3,macro_semiconductor_yoy_change_1m,-0.205806091427803,-0.0421078946231918,,,price,20,0.0389369413096057
20260927T213244_8b99db73cbfc,2026-09-28,2026-09-23,Ridge,Ridge,4,macro_leading_change_3m,1.899999976158142,0.0371867248978354,,,price,20,0.0389369413096057
20260927T213244_8b99db73cbfc,2026-09-28,2026-09-23,Ridge,Ridge,5,macro_leading_change_1m,0.4000000059604645,0.0332326197103512,,,price,20,0.0389369413096057
20260928T084014_b86e59ad1b00,2026-09-29,2026-09-28,Candidate evening forecast,No macro ensemble,1,sam_ret_1,-0.0504833497107028,0.1081179018442308,0.496015094751473,0.213368184552941,direction,1,
20260928T084014_b86e59ad1b00,2026-09-29,2026-09-28,Candidate evening forecast,No macro ensemble,2,sam_range_1,0.0407239831984043,0.0915993497558029,0.496015094751473,0.213368184552941,direction,1,
20260928T084014_b86e59ad1b00,2026-09-29,2026-09-28,Candidate evening forecast,No macro ensemble,3,micron_ret_1,0.0,-0.0811478684583026,0.496015094751473,0.213368184552941,direction,1,
20260928T084014_b86e59ad1b00,2026-09-29,2026-09-28,Candidate evening forecast,No macro ensemble,4,us10y_level_z60,2.71415638923645,-0.0706897157911081,0.496015094751473,0.213368184552941,direction,1,
20260928T084014_b86e59ad1b00,2026-09-29,2026-09-28,Candidate evening forecast,No macro ensemble,5,nvidia_ret_1,0.0,0.0530042319682338,0.496015094751473,0.213368184552941,direction,1,
20260928T110252_7e022bfefa94,2026-09-29,2026-09-28,Candidate evening forecast,No macro ensemble,1,sam_ret_1,-0.0504833497107028,0.1272968737967579,0.5089960048815941,0.2093583673973053,direction,1,
20260928T110252_7e022bfefa94,2026-09-29,2026-09-28,Candidate evening forecast,No macro ensemble,2,sam_range_1,0.0407239831984043,0.087434540005376,0.5089960048815941,0.2093583673973053,direction,1,
20260928T110252_7e022bfefa94,2026-09-29,2026-09-28,Candidate evening forecast,No macro ensemble,3,us10y_level_z60,2.71415638923645,-0.0707278014774459,0.5089960048815941,0.2093583673973053,direction,1,
20260928T110252_7e022bfefa94,2026-09-29,2026-09-28,Candidate evening forecast,No macro ensemble,4,micron_ret_1,0.0,-0.069862178569968,0.5089960048815941,0.2093583673973053,direction,1,
20260928T110252_7e022bfefa94,2026-09-29,2026-09-28,Candidate evening forecast,No macro ensemble,5,nvidia_ret_1,0.0,0.0530659594029952,0.5089960048815941,0.2093583673973053,direction,1,
20260928T212118_bfb1e56d9cda,2026-09-29,2026-09-28,No macro ensemble,No macro ensemble,1,micron_ret_1,-0.0261485464870929,-0.1788674272777422,0.3301531642312425,0.3947439844973682,direction,1,
20260928T212118_bfb1e56d9cda,2026-09-29,2026-09-28,No macro ensemble,No macro ensemble,2,sam_ret_1,-0.0504833497107028,0.1226683800076219,0.3301531642312425,0.3947439844973682,direction,1,
20260928T212118_bfb1e56d9cda,2026-09-29,2026-09-28,No macro ensemble,No macro ensemble,3,sox_ret_1,-0.016077795997262,-0.1146810901492856,0.3301531642312425,0.3947439844973682,direction,1,
20260928T212118_bfb1e56d9cda,2026-09-29,2026-09-28,No macro ensemble,No macro ensemble,4,sam_range_1,0.0407239831984043,0.0834166914894473,0.3301531642312425,0.3947439844973682,direction,1,
20260928T212118_bfb1e56d9cda,2026-09-29,2026-09-28,No macro ensemble,No macro ensemble,5,us10y_level_z60,2.817291259765625,-0.0734191482845574,0.3301531642312425,0.3947439844973682,direction,1,
20260928T212118_bfb1e56d9cda,2026-09-29,2026-09-28,Ridge,Ridge,1,micron_ret_1,-0.0261485464870929,-0.0491319073647774,,,price,1,-0.0045760579158525
20260928T212118_bfb1e56d9cda,2026-09-29,2026-09-28,Ridge,Ridge,2,sox_ret_1,-0.016077795997262,-0.0282770425010528,,,price,1,-0.0045760579158525
20260928T212118_bfb1e56d9cda,2026-09-29,2026-09-28,Ridge,Ridge,3,peer_ret_1,-0.0542907193303108,0.0222807703894082,,,price,1,-0.0045760579158525
20260928T212118_bfb1e56d9cda,2026-09-29,2026-09-28,Ridge,Ridge,4,cal_month_end,1.0,-0.0201034978105235,,,price,1,-0.0045760579158525
20260928T212118_bfb1e56d9cda,2026-09-29,2026-09-28,Ridge,Ridge,5,sam_ret_1,-0.0504833497107028,0.0191027575981289,,,price,1,-0.0045760579158525
20260928T212118_bfb1e56d9cda,2026-09-29,2026-09-28,Ridge,Ridge,1,macro_leading_cycle,4.199999809265137,-0.0438054733408065,,,price,5,0.0021472986323053
20260928T212118_bfb1e56d9cda,2026-09-29,2026-09-28,Ridge,Ridge,2,micron_ret_1,-0.0261485464870929,-0.0271406642678103,,,price,5,0.0021472986323053
20260928T212118_bfb1e56d9cda,2026-09-29,2026-09-28,Ridge,Ridge,3,macro_semiconductor_yoy_change_1m,-0.205806091427803,-0.0263269167533656,,,price,5,0.0021472986323053
20260928T212118_bfb1e56d9cda,2026-09-29,2026-09-28,Ridge,Ridge,4,macro_leading_change_3m,1.899999976158142,0.0229487546497697,,,price,5,0.0021472986323053
20260928T212118_bfb1e56d9cda,2026-09-29,2026-09-28,Ridge,Ridge,5,macro_leading_change_1m,0.4000000059604645,0.0162298668540176,,,price,5,0.0021472986323053
20260928T212118_bfb1e56d9cda,2026-09-29,2026-09-28,Ridge,Ridge,1,macro_leading_cycle,4.199999809265137,-0.1157649194242487,,,price,20,0.0340053290865667
20260928T212118_bfb1e56d9cda,2026-09-29,2026-09-28,Ridge,Ridge,2,macro_semiconductor_log_usd,24.437206268310547,0.0429517832478409,,,price,20,0.0340053290865667
20260928T212118_bfb1e56d9cda,2026-09-29,2026-09-28,Ridge,Ridge,3,macro_semiconductor_yoy_change_1m,-0.205806091427803,-0.0420175646244872,,,price,20,0.0340053290865667
20260928T212118_bfb1e56d9cda,2026-09-29,2026-09-28,Ridge,Ridge,4,macro_leading_change_3m,1.899999976158142,0.0369616816394562,,,price,20,0.0340053290865667
20260928T212118_bfb1e56d9cda,2026-09-29,2026-09-28,Ridge,Ridge,5,dxy_level_z60,1.2775914669036863,-0.0337849653514221,,,price,20,0.0340053290865667
20260929T094604_919fd9061df5,2026-09-30,2026-09-29,Candidate evening forecast,No macro ensemble,1,micron_ret_1,0.0,-0.1555779918472197,0.3234410810595913,0.2759949422061389,direction,1,
20260929T094604_919fd9061df5,2026-09-30,2026-09-29,Candidate evening forecast,No macro ensemble,2,us10y_level_z60,2.817291259765625,-0.0721154061613305,0.3234410810595913,0.2759949422061389,direction,1,
20260929T094604_919fd9061df5,2026-09-30,2026-09-29,Candidate evening forecast,No macro ensemble,3,sam_ret_5,-0.049542274326086,0.0562273337482484,0.3234410810595913,0.2759949422061389,direction,1,
20260929T094604_919fd9061df5,2026-09-30,2026-09-29,Candidate evening forecast,No macro ensemble,4,sox_ret_1,0.0,0.0549187513317043,0.3234410810595913,0.2759949422061389,direction,1,
20260929T094604_919fd9061df5,2026-09-30,2026-09-29,Candidate evening forecast,No macro ensemble,5,sam_ret_2,-0.0520945228636264,0.0527257030171748,0.3234410810595913,0.2759949422061389,direction,1,
20260929T231545_a709fe3602e3,2026-09-30,2026-09-29,No macro ensemble,No macro ensemble,1,micron_ret_1,0.0105314869433641,0.2614130960283553,0.3969271764476176,0.2447774781320772,direction,1,
20260929T231545_a709fe3602e3,2026-09-30,2026-09-29,No macro ensemble,No macro ensemble,2,us10y_level_z60,2.6988120079040527,-0.1063902204583724,0.3969271764476176,0.2447774781320772,direction,1,
20260929T231545_a709fe3602e3,2026-09-30,2026-09-29,No macro ensemble,No macro ensemble,3,micron_ret_5,-0.0283535961061716,-0.0659000271373973,0.3969271764476176,0.2447774781320772,direction,1,
20260929T231545_a709fe3602e3,2026-09-30,2026-09-29,No macro ensemble,No macro ensemble,4,sam_ret_2,-0.0520945228636264,0.0429716277393417,0.3969271764476176,0.2447774781320772,direction,1,
20260929T231545_a709fe3602e3,2026-09-30,2026-09-29,No macro ensemble,No macro ensemble,5,dxy_ret_1,0.0017490317113697,-0.0341931350221612,0.3969271764476176,0.2447774781320772,direction,1,
20260929T231545_a709fe3602e3,2026-09-30,2026-09-29,Ridge,Ridge,1,kospi_ret_1,-0.0269992724061012,0.0339375034907562,,,price,1,0.0027709379707108
20260929T231545_a709fe3602e3,2026-09-30,2026-09-29,Ridge,Ridge,2,cal_month_end,1.0,-0.0200594193889199,,,price,1,0.0027709379707108
20260929T231545_a709fe3602e3,2026-09-30,2026-09-29,Ridge,Ridge,3,sox_ret_1,0.0131502402946352,0.0192429245753632,,,price,1,0.0027709379707108
20260929T231545_a709fe3602e3,2026-09-30,2026-09-29,Ridge,Ridge,4,macro_leading_cycle,4.300000190734863,-0.0159005011809208,,,price,1,0.0027709379707108
20260929T231545_a709fe3602e3,2026-09-30,2026-09-29,Ridge,Ridge,5,micron_ret_1,0.0105314869433641,0.0145851860759771,,,price,1,0.0027709379707108
20260929T231545_a709fe3602e3,2026-09-30,2026-09-29,Ridge,Ridge,1,macro_leading_cycle,4.300000190734863,-0.0450264848721375,,,price,5,0.0101654162562797
20260929T231545_a709fe3602e3,2026-09-30,2026-09-29,Ridge,Ridge,2,macro_semiconductor_yoy_change_1m,-0.205806091427803,-0.0265485224261654,,,price,5,0.0101654162562797
20260929T231545_a709fe3602e3,2026-09-30,2026-09-29,Ridge,Ridge,3,macro_leading_change_3m,2.0,0.0237499194698005,,,price,5,0.0101654162562797
20260929T231545_a709fe3602e3,2026-09-30,2026-09-29,Ridge,Ridge,4,macro_leading_change_1m,0.5,0.0205369261480555,,,price,5,0.0101654162562797
20260929T231545_a709fe3602e3,2026-09-30,2026-09-29,Ridge,Ridge,5,dxy_level_z60,1.4583848714828491,-0.0181683112554175,,,price,5,0.0101654162562797
20260929T231545_a709fe3602e3,2026-09-30,2026-09-29,Ridge,Ridge,1,macro_leading_cycle,4.300000190734863,-0.1182296616165822,,,price,20,0.0423614411934892
20260929T231545_a709fe3602e3,2026-09-30,2026-09-29,Ridge,Ridge,2,macro_semiconductor_log_usd,24.437206268310547,0.0423869009843519,,,price,20,0.0423614411934892
20260929T231545_a709fe3602e3,2026-09-30,2026-09-29,Ridge,Ridge,3,macro_semiconductor_yoy_change_1m,-0.205806091427803,-0.0419517673287427,,,price,20,0.0423614411934892
20260929T231545_a709fe3602e3,2026-09-30,2026-09-29,Ridge,Ridge,4,macro_leading_change_1m,0.5,0.0416133773379411,,,price,20,0.0423614411934892
20260929T231545_a709fe3602e3,2026-09-30,2026-09-29,Ridge,Ridge,5,macro_leading_change_3m,2.0,0.0387964455895828,,,price,20,0.0423614411934892
20260930T101426_f6a889b657eb,2026-10-01,2026-09-30,Candidate evening forecast,No macro ensemble,1,micron_ret_1,0.0,-0.1453664632538184,0.3082615102712576,0.3239663784941491,direction,1,
20260930T101426_f6a889b657eb,2026-10-01,2026-09-30,Candidate evening forecast,No macro ensemble,2,us10y_level_z60,2.6988120079040527,-0.1204151137814881,0.3082615102712576,0.3239663784941491,direction,1,
20260930T101426_f6a889b657eb,2026-10-01,2026-09-30,Candidate evening forecast,No macro ensemble,3,sox_ret_1,0.0,0.0729487141297045,0.3082615102712576,0.3239663784941491,direction,1,
20260930T101426_f6a889b657eb,2026-10-01,2026-09-30,Candidate evening forecast,No macro ensemble,4,micron_ret_5,-0.0283535961061716,-0.0593992023474287,0.3082615102712576,0.3239663784941491,direction,1,
20260930T101426_f6a889b657eb,2026-10-01,2026-09-30,Candidate evening forecast,No macro ensemble,5,nvidia_ret_1,0.0,0.0430198736887505,0.3082615102712576,0.3239663784941491,direction,1,
20260930T102838_db6a8e2d3484,2026-10-01,2026-09-30,Candidate evening forecast,No macro ensemble,1,micron_ret_1,0.0,-0.1404977508005902,0.3089183291759106,0.3197632730039572,direction,1,
20260930T102838_db6a8e2d3484,2026-10-01,2026-09-30,Candidate evening forecast,No macro ensemble,2,us10y_level_z60,2.6988120079040527,-0.1273086317567266,0.3089183291759106,0.3197632730039572,direction,1,
20260930T102838_db6a8e2d3484,2026-10-01,2026-09-30,Candidate evening forecast,No macro ensemble,3,sox_ret_1,0.0,0.072190242002432,0.3089183291759106,0.3197632730039572,direction,1,
20260930T102838_db6a8e2d3484,2026-10-01,2026-09-30,Candidate evening forecast,No macro ensemble,4,micron_ret_5,-0.0283535961061716,-0.0720197719673498,0.3089183291759106,0.3197632730039572,direction,1,
20260930T102838_db6a8e2d3484,2026-10-01,2026-09-30,Candidate evening forecast,No macro ensemble,5,nvidia_ret_1,0.0,0.0437888520039419,0.3089183291759106,0.3197632730039572,direction,1,
20261001T134143_6d62a4f59ead,2026-10-02,2026-10-01,Candidate evening forecast,No macro ensemble,1,micron_ret_1,0.0,-0.1297959113347085,0.2569854091284584,0.333626139604714,direction,1,
20261001T134143_6d62a4f59ead,2026-10-02,2026-10-01,Candidate evening forecast,No macro ensemble,2,sam_ret_1,0.0320945940911769,-0.0924331280424409,0.2569854091284584,0.333626139604714,direction,1,
20261001T134143_6d62a4f59ead,2026-10-02,2026-10-01,Candidate evening forecast,No macro ensemble,3,us10y_level_z60,2.68884539604187,-0.0661564802439562,0.2569854091284584,0.333626139604714,direction,1,
20261001T134143_6d62a4f59ead,2026-10-02,2026-10-01,Candidate evening forecast,No macro ensemble,4,sox_ret_1,0.0,0.0588692081045135,0.2569854091284584,0.333626139604714,direction,1,
20261001T134143_6d62a4f59ead,2026-10-02,2026-10-01,Candidate evening forecast,No macro ensemble,5,sam_range_1,0.0458265133202075,0.0515812334663676,0.2569854091284584,0.333626139604714,direction,1,
20261001T233038_194e7019f842,2026-10-02,2026-10-01,No macro ensemble,No macro ensemble,1,micron_ret_1,0.0303067583590745,0.2986721745107357,0.3898110907640896,0.2380748181483414,direction,1,
20261001T233038_194e7019f842,2026-10-02,2026-10-01,No macro ensemble,No macro ensemble,2,sox_ret_1,0.0158671233803033,0.0927505977977784,0.3898110907640896,0.2380748181483414,direction,1,
20261001T233038_194e7019f842,2026-10-02,2026-10-01,No macro ensemble,No macro ensemble,3,dxy_ret_1,0.0058452640660107,-0.0717661776072014,0.3898110907640896,0.2380748181483414,direction,1,
20261001T233038_194e7019f842,2026-10-02,2026-10-01,No macro ensemble,No macro ensemble,4,sam_ret_1,0.0320945940911769,-0.0667626443139131,0.3898110907640896,0.2380748181483414,direction,1,
20261001T233038_194e7019f842,2026-10-02,2026-10-01,No macro ensemble,No macro ensemble,5,us10y_level_z60,2.259186029434204,-0.0555851228193011,0.3898110907640896,0.2380748181483414,direction,1,
20261001T233038_194e7019f842,2026-10-02,2026-10-01,Ridge,Ridge,1,micron_ret_1,0.0303067583590745,0.0489547045552784,,,price,1,0.0054790896117203
20261001T233038_194e7019f842,2026-10-02,2026-10-01,Ridge,Ridge,2,sox_ret_1,0.0158671233803033,0.023667078370096,,,price,1,0.0054790896117203
20261001T233038_194e7019f842,2026-10-02,2026-10-01,Ridge,Ridge,3,dxy_ret_1,0.0058452640660107,-0.0152449880840209,,,price,1,0.0054790896117203
20261001T233038_194e7019f842,2026-10-02,2026-10-01,Ridge,Ridge,4,macro_leading_cycle,4.199999809265137,-0.0148554504621595,,,price,1,0.0054790896117203
20261001T233038_194e7019f842,2026-10-02,2026-10-01,Ridge,Ridge,5,dxy_level_z60,2.126148462295532,-0.013895000346754,,,price,1,0.0054790896117203
20261001T233038_194e7019f842,2026-10-02,2026-10-01,Ridge,Ridge,1,macro_leading_cycle,4.199999809265137,-0.0443276903823055,,,price,5,0.0148018011777518
20261001T233038_194e7019f842,2026-10-02,2026-10-01,Ridge,Ridge,2,macro_semiconductor_yoy_change_1m,0.3017504513263702,0.0345327606232993,,,price,5,0.0148018011777518
20261001T233038_194e7019f842,2026-10-02,2026-10-01,Ridge,Ridge,3,micron_ret_1,0.0303067583590745,0.0269516824625516,,,price,5,0.0148018011777518
20261001T233038_194e7019f842,2026-10-02,2026-10-01,Ridge,Ridge,4,dxy_level_z60,2.126148462295532,-0.0267918337251181,,,price,5,0.0148018011777518
20261001T233038_194e7019f842,2026-10-02,2026-10-01,Ridge,Ridge,5,macro_semiconductor_yoy_change_3m,0.39749276638031,0.0220174206724579,,,price,5,0.0148018011777518
20261001T233038_194e7019f842,2026-10-02,2026-10-01,Ridge,Ridge,1,macro_leading_cycle,4.199999809265137,-0.1143863792552926,,,price,20,0.0553970778836357
20261001T233038_194e7019f842,2026-10-02,2026-10-01,Ridge,Ridge,2,dxy_level_z60,2.126148462295532,-0.0572043622011086,,,price,20,0.0553970778836357
20261001T233038_194e7019f842,2026-10-02,2026-10-01,Ridge,Ridge,3,macro_semiconductor_yoy_change_1m,0.3017504513263702,0.053678875633949,,,price,20,0.0553970778836357
20261001T233038_194e7019f842,2026-10-02,2026-10-01,Ridge,Ridge,4,macro_semiconductor_log_usd,24.566383361816406,0.0457993571243168,,,price,20,0.0553970778836357
20261001T233038_194e7019f842,2026-10-02,2026-10-01,Ridge,Ridge,5,macro_semiconductor_yoy_change_3m,0.39749276638031,0.045547718034139,,,price,20,0.0553970778836357
20261002T125545_aa1010c98873,2026-10-06,2026-10-02,Candidate evening forecast,No macro ensemble,1,micron_ret_1,0.0,-0.1666577337981832,0.3135457029407011,0.3559257504047768,direction,1,
20261002T125545_aa1010c98873,2026-10-06,2026-10-02,Candidate evening forecast,No macro ensemble,2,us10y_level_z60,2.259186029434204,-0.0542448898210007,0.3135457029407011,0.3559257504047768,direction,1,
20261002T125545_aa1010c98873,2026-10-06,2026-10-02,Candidate evening forecast,No macro ensemble,3,sox_ret_1,0.0,0.0476184669851167,0.3135457029407011,0.3559257504047768,direction,1,
20261002T125545_aa1010c98873,2026-10-06,2026-10-02,Candidate evening forecast,No macro ensemble,4,sam_range_1,0.0162954907864332,-0.0459412451942337,0.3135457029407011,0.3559257504047768,direction,1,
20261002T125545_aa1010c98873,2026-10-06,2026-10-02,Candidate evening forecast,No macro ensemble,5,sam_ret_1,0.0043644299730658,-0.0352836646535546,0.3135457029407011,0.3559257504047768,direction,1,
20261003T135059_de6daea22d51,2026-10-06,2026-10-02,Candidate evening forecast,No macro ensemble,1,micron_ret_1,-0.0205031931400299,-0.2573374853848548,0.3518533450514681,0.3499071976820472,direction,1,
20261003T135059_de6daea22d51,2026-10-06,2026-10-02,Candidate evening forecast,No macro ensemble,2,sox_ret_1,0.0239823777228593,0.1142361562890173,0.3518533450514681,0.3499071976820472,direction,1,
20261003T135059_de6daea22d51,2026-10-06,2026-10-02,Candidate evening forecast,No macro ensemble,3,us10y_level_z60,2.3121354579925537,-0.0555151040650778,0.3518533450514681,0.3499071976820472,direction,1,
20261003T135059_de6daea22d51,2026-10-06,2026-10-02,Candidate evening forecast,No macro ensemble,4,sam_range_1,0.0162954907864332,-0.0362577200777552,0.3518533450514681,0.3499071976820472,direction,1,
20261003T135059_de6daea22d51,2026-10-06,2026-10-02,Candidate evening forecast,No macro ensemble,5,micron_ret_5,-0.006828190293163,-0.0343712119561672,0.3518533450514681,0.3499071976820472,direction,1,
20261005T212657_94518eb6f3a3,2026-10-06,2026-10-02,No macro ensemble,No macro ensemble,1,micron_ret_1,-0.030463239178061485,-0.37748977196624395,0.37110878019117965,0.34066721947642903,direction,1,
20261005T212657_94518eb6f3a3,2026-10-06,2026-10-02,No macro ensemble,No macro ensemble,2,sox_ret_1,0.026793695986270905,0.1014011938172372,0.37110878019117965,0.34066721947642903,direction,1,
20261005T212657_94518eb6f3a3,2026-10-06,2026-10-02,No macro ensemble,No macro ensemble,3,us10y_level_z60,2.323521137237549,-0.05581690344378787,0.37110878019117965,0.34066721947642903,direction,1,
20261005T212657_94518eb6f3a3,2026-10-06,2026-10-02,No macro ensemble,No macro ensemble,4,sam_range_1,0.01629549078643322,-0.0367444140226276,0.37110878019117965,0.34066721947642903,direction,1,
20261005T212657_94518eb6f3a3,2026-10-06,2026-10-02,No macro ensemble,No macro ensemble,5,nvidia_ret_1,0.03482627123594284,0.03236114425881074,0.37110878019117965,0.34066721947642903,direction,1,
20261005T212657_94518eb6f3a3,2026-10-06,2026-10-02,Ridge,Ridge,1,tsmc_adr_ret_1,0.05792677402496338,0.0688402496142726,,,price,1,0.009263958644898856
20261005T212657_94518eb6f3a3,2026-10-06,2026-10-02,Ridge,Ridge,2,micron_ret_1,-0.030463239178061485,-0.05667215778822503,,,price,1,0.009263958644898856
20261005T212657_94518eb6f3a3,2026-10-06,2026-10-02,Ridge,Ridge,3,sox_ret_1,0.026793695986270905,0.04143370182759451,,,price,1,0.009263958644898856
20261005T212657_94518eb6f3a3,2026-10-06,2026-10-02,Ridge,Ridge,4,nasdaq_ret_1,0.022540932521224022,0.03732996356302368,,,price,1,0.009263958644898856
20261005T212657_94518eb6f3a3,2026-10-06,2026-10-02,Ridge,Ridge,5,nvidia_ret_1,0.03482627123594284,0.023770526401175416,,,price,1,0.009263958644898856
20261005T212657_94518eb6f3a3,2026-10-06,2026-10-02,Ridge,Ridge,1,macro_leading_cycle,4.199999809265137,-0.04424902774789554,,,price,5,0.01333919953135285
20261005T212657_94518eb6f3a3,2026-10-06,2026-10-02,Ridge,Ridge,2,macro_semiconductor_yoy_change_1m,0.30175045132637024,0.03459063451775001,,,price,5,0.01333919953135285
20261005T212657_94518eb6f3a3,2026-10-06,2026-10-02,Ridge,Ridge,3,micron_ret_1,-0.030463239178061485,-0.03125653355945557,,,price,5,0.01333919953135285
20261005T212657_94518eb6f3a3,2026-10-06,2026-10-02,Ridge,Ridge,4,dxy_level_z60,2.04549241065979,-0.025767961304115766,,,price,5,0.01333919953135285
20261005T212657_94518eb6f3a3,2026-10-06,2026-10-02,Ridge,Ridge,5,tsmc_adr_ret_1,0.05792677402496338,0.025730845728201508,,,price,5,0.01333919953135285
20261005T212657_94518eb6f3a3,2026-10-06,2026-10-02,Ridge,Ridge,1,macro_leading_cycle,4.199999809265137,-0.11368589432565548,,,price,20,0.05400990002605224
20261005T212657_94518eb6f3a3,2026-10-06,2026-10-02,Ridge,Ridge,2,dxy_level_z60,2.04549241065979,-0.055036264791236085,,,price,20,0.05400990002605224
20261005T212657_94518eb6f3a3,2026-10-06,2026-10-02,Ridge,Ridge,3,macro_semiconductor_yoy_change_1m,0.30175045132637024,0.053576875383856214,,,price,20,0.05400990002605224
20261005T212657_94518eb6f3a3,2026-10-06,2026-10-02,Ridge,Ridge,4,macro_semiconductor_log_usd,24.566383361816406,0.045743582337466934,,,price,20,0.05400990002605224
20261005T212657_94518eb6f3a3,2026-10-06,2026-10-02,Ridge,Ridge,5,macro_semiconductor_yoy_change_3m,0.39749276638031006,0.04554862688768194,,,price,20,0.05400990002605224
