record_id,series,label,unit,kind,issued_at_kst,info_as_of,target_period,horizon,detail,point,low,high,baseline,probability,baseline_probability,model,status,actual,actual_seen_kst,error,abs_error,baseline_abs_error,in_band,outcome,brier,baseline_brier,note
cli_kor|2026-08|2026-09,cli_kor,OECD 한국 경기선행지수,index,value,2026-09-27 23:50,2026-08,2026-09,1개월,,102.8397535055636,102.81486364186716,102.86462346955976,102.8694,,,ar,pending,,,,,,,,,,
cli_kor|2026-08|2026-10,cli_kor,OECD 한국 경기선행지수,index,value,2026-09-27 23:50,2026-08,2026-10,2개월,,102.72718258058461,102.63874170343608,102.81592303477453,102.8694,,,ar,pending,,,,,,,,,,
cli_kor|2026-08|2026-11,cli_kor,OECD 한국 경기선행지수,index,value,2026-09-27 23:50,2026-08,2026-11,3개월,,102.54412880620595,102.33820669278151,102.74015777627248,102.8694,,,ar,pending,,,,,,,,,,
cli_kor|2026-08|2026-12,cli_kor,OECD 한국 경기선행지수,index,value,2026-09-27 23:50,2026-08,2026-12,4개월,,102.30701200082176,101.94276172491358,102.66634026944547,102.8694,,,ar,pending,,,,,,,,,,
cli_kor|2026-08|2027-01,cli_kor,OECD 한국 경기선행지수,index,value,2026-09-27 23:50,2026-08,2027-01,5개월,,102.03489074674489,101.48056712435312,102.58020341472506,102.8694,,,ar,pending,,,,,,,,,,
cli_kor|2026-08|2027-02,cli_kor,OECD 한국 경기선행지수,index,value,2026-09-27 23:50,2026-08,2027-02,6개월,,101.74802641120792,101.00942476638366,102.54003472695818,102.8694,,,ar,pending,,,,,,,,,,
cli_g20|2026-08|2026-09,cli_g20,OECD G20 경기선행지수,index,value,2026-09-27 23:50,2026-08,2026-09,1개월,,100.2929,100.22274000000002,100.330032,100.2968,,,drift,pending,,,,,,,,,,
cli_g20|2026-08|2026-10,cli_g20,OECD G20 경기선행지수,index,value,2026-09-27 23:50,2026-08,2026-10,2개월,,100.2968,99.88456000000001,100.60983800000001,100.2968,,,rw,pending,,,,,,,,,,
cli_g20|2026-08|2026-11,cli_g20,OECD G20 경기선행지수,index,value,2026-09-27 23:50,2026-08,2026-11,3개월,,100.2968,99.65414,100.71099000000001,100.2968,,,rw,pending,,,,,,,,,,
cli_g20|2026-08|2026-12,cli_g20,OECD G20 경기선행지수,index,value,2026-09-27 23:50,2026-08,2026-12,4개월,,100.2968,99.50419000000001,100.84028,100.2968,,,rw,pending,,,,,,,,,,
cli_g20|2026-08|2027-01,cli_g20,OECD G20 경기선행지수,index,value,2026-09-27 23:50,2026-08,2027-01,5개월,,100.2968,99.336947,100.96991200000001,100.2968,,,rw,pending,,,,,,,,,,
cli_g20|2026-08|2027-02,cli_g20,OECD G20 경기선행지수,index,value,2026-09-27 23:50,2026-08,2027-02,6개월,,100.2968,99.21074600000001,101.06525,100.2968,,,rw,pending,,,,,,,,,,
korea_exports_yoy|2026-06|2026-09,korea_exports_yoy,한국 수출 증가율(전년 동월 대비),ratio,value,2026-09-27 23:50,2026-06,2026-09,3개월,,0.7067080565076558,0.5858090372754091,0.8278287602016846,0.7067080565076558,,,rw,pending,,,,,,,,,,
korea_exports_yoy|2026-06|2026-10,korea_exports_yoy,한국 수출 증가율(전년 동월 대비),ratio,value,2026-09-27 23:50,2026-06,2026-10,4개월,,0.7067080565076558,0.5771248296876321,0.8728748158189296,0.7067080565076558,,,rw,pending,,,,,,,,,,
korea_exports_yoy|2026-06|2026-11,korea_exports_yoy,한국 수출 증가율(전년 동월 대비),ratio,value,2026-09-27 23:50,2026-06,2026-11,5개월,,0.48383030784936387,0.3474325371025897,0.6366361184117958,0.7067080565076558,,,ar,pending,,,,,,,,,,
korea_exports_yoy|2026-06|2026-12,korea_exports_yoy,한국 수출 증가율(전년 동월 대비),ratio,value,2026-09-27 23:50,2026-06,2026-12,6개월,,0.45209110824593035,0.2894584174739948,0.6050229665422664,0.7067080565076558,,,ar,pending,,,,,,,,,,
korea_exports_yoy|2026-06|2027-01,korea_exports_yoy,한국 수출 증가율(전년 동월 대비),ratio,value,2026-09-27 23:50,2026-06,2027-01,7개월,,0.42291896469308865,0.2564049510751898,0.6015231374150595,0.7067080565076558,,,ar,pending,,,,,,,,,,
korea_exports_yoy|2026-06|2027-02,korea_exports_yoy,한국 수출 증가율(전년 동월 대비),ratio,value,2026-09-27 23:50,2026-06,2027-02,8개월,,0.3961063105060481,0.20576895247213198,0.58174964623255,0.7067080565076558,,,ar,pending,,,,,,,,,,
stock_return|2026-08|2026-11,stock_return,장기 주가 모델(월말 기준 수익률),log_return,value,2026-09-27 23:50,2026-08,2026-11,3개월,,0.05806825712403785,,,0.0,,,ridge(축소),pending,,,,,,,,,,
semi_exports_month|2026-09 1~20일|2026-09|d20,semi_exports_month,반도체 수출 한 달 치(관세청 속보 환산),usd,value,2026-09-27 23:50,2026-09 1~20일,2026-09,1~20일 속보,d20,59760314958.71869,,,16627081701.0,,,partial_month_scenario,pending,,,,,,,,,,
level_reach|2026-09|2000000|2000000@126d,level_reach,가격 도달 확률,probability,probability,2026-09-27 23:50,2026-09,2000000,6개월,2000000@126d,,,,,0.8258,,"기준일 2026-09-23 종가 1,862,000",pending,,,,,,,,,,issued=2026-09-23;days=126
level_reach|2026-09|2000000|2000000@252d,level_reach,가격 도달 확률,probability,probability,2026-09-27 23:50,2026-09,2000000,1년,2000000@252d,,,,,0.8767,,"기준일 2026-09-23 종가 1,862,000",pending,,,,,,,,,,issued=2026-09-23;days=252
level_reach|2026-09|2000000|2000000@504d,level_reach,가격 도달 확률,probability,probability,2026-09-27 23:50,2026-09,2000000,2년,2000000@504d,,,,,0.91355,,"기준일 2026-09-23 종가 1,862,000",pending,,,,,,,,,,issued=2026-09-23;days=504
level_reach|2026-09|3000000|3000000@126d,level_reach,가격 도달 확률,probability,probability,2026-09-27 23:50,2026-09,3000000,6개월,3000000@126d,,,,,0.2661,,"기준일 2026-09-23 종가 1,862,000",pending,,,,,,,,,,issued=2026-09-23;days=126
level_reach|2026-09|3000000|3000000@252d,level_reach,가격 도달 확률,probability,probability,2026-09-27 23:50,2026-09,3000000,1년,3000000@252d,,,,,0.42945,,"기준일 2026-09-23 종가 1,862,000",pending,,,,,,,,,,issued=2026-09-23;days=252
level_reach|2026-09|3000000|3000000@504d,level_reach,가격 도달 확률,probability,probability,2026-09-27 23:50,2026-09,3000000,2년,3000000@504d,,,,,0.57525,,"기준일 2026-09-23 종가 1,862,000",pending,,,,,,,,,,issued=2026-09-23;days=504
