target,horizon,candidate,fold,evaluation_stage,n,mae,rmse,mae_calibrated,mae_issued,issuance_rate,mean_abs_raw,mean_train_rows,mean_slope,seconds_per_fold,zero_mae,train_rows,slope,issued,setting
samsung,5,hold_current,dev_all,dev_common,1086,0.026513237376805977,0.03459695817962659,,,,,,,,,,,,
samsung,5,a100_5y,dev_all,dev_common,1086,0.03191785039193022,0.04832424793942106,0.026551826146678895,0.02655778923250973,0.4444444444444444,0.016341565566524125,1153.0,0.026266115054655505,0.014184044444442002,,,,,
samsung,5,a100_5y,dev_01,dev_fold,123,0.02187693290449953,,,,,,,,,0.020425511239914422,919,0.04724967502202213,True,a100_5y
samsung,5,a100_5y,dev_02,dev_fold,125,0.027107955689694693,,,,,,,,,0.02317588207769075,1042,0.04286475630919838,True,a100_5y
samsung,5,a100_5y,dev_03,dev_fold,108,0.02786150826485244,,,,,,,,,0.023558580820918305,1167,0.0,False,a100_5y
samsung,5,a100_5y,dev_04,dev_fold,125,0.02461154408308912,,,,,,,,,0.02345902434870286,1187,0.0,False,a100_5y
samsung,5,a100_5y,dev_05,dev_fold,123,0.03671143712920075,,,,,,,,,0.021565951031904906,1210,0.0,False,a100_5y
samsung,5,a100_5y,dev_06,dev_fold,121,0.023126631742282636,,,,,,,,,0.022377420750356043,1215,0.03122217321510359,False,a100_5y
samsung,5,a100_5y,dev_07,dev_fold,121,0.025606676560948442,,,,,,,,,0.026629143562935085,1213,0.0505699148420064,True,a100_5y
samsung,5,a100_5y,dev_08,dev_fold,123,0.061290263145698624,,,,,,,,,0.04194117180688839,1213,0.06448851610356904,True,a100_5y
samsung,5,a100_5y,dev_09,dev_fold,117,0.03886327329638594,,,,,,,,,0.03560835457832171,1211,0.0,False,a100_5y
samsung,5,a100_expanding,dev_all,dev_common,1086,0.031663667301887286,0.04863070715675796,0.02652643024423357,0.02652643024423357,0.5555555555555556,0.016126544823063343,1402.5555555555557,0.024028399905677716,0.011768999999427857,,,,,
samsung,5,a100_expanding,dev_01,dev_fold,123,0.02187693290449953,,,,,,,,,0.020425511239914422,919,0.04724967502202213,True,a100_expanding
samsung,5,a100_expanding,dev_02,dev_fold,125,0.027107955689694693,,,,,,,,,0.02317588207769075,1042,0.04286475630919838,True,a100_expanding
samsung,5,a100_expanding,dev_03,dev_fold,108,0.02786150826485244,,,,,,,,,0.023558580820918305,1167,0.0,False,a100_expanding
samsung,5,a100_expanding,dev_04,dev_fold,125,0.025375170140704957,,,,,,,,,0.02345902434870286,1275,0.0,False,a100_expanding
samsung,5,a100_expanding,dev_05,dev_fold,123,0.03825005695468549,,,,,,,,,0.021565951031904906,1400,0.0,False,a100_expanding
samsung,5,a100_expanding,dev_06,dev_fold,121,0.022889487651284908,,,,,,,,,0.022377420750356043,1523,0.027922341433776292,True,a100_expanding
samsung,5,a100_expanding,dev_07,dev_fold,121,0.025434162575525075,,,,,,,,,0.026629143562935085,1644,0.04235920288553279,True,a100_expanding
samsung,5,a100_expanding,dev_08,dev_fold,123,0.05657400310780244,,,,,,,,,0.04194117180688839,1765,0.05585962350056984,True,a100_expanding
samsung,5,a100_expanding,dev_09,dev_fold,117,0.03945235261591542,,,,,,,,,0.03560835457832171,1888,0.0,False,a100_expanding
samsung,5,a1000_5y,dev_all,dev_common,1086,0.028332322237782558,0.039585610271382944,0.026512449922445253,0.026512449922445253,0.7777777777777778,0.00924663284827279,1153.0,0.06717112552207023,0.012262777777828483,,,,,
samsung,5,a1000_5y,dev_01,dev_fold,123,0.02181516518854675,,,,,,,,,0.020425511239914422,919,0.10392715657115692,True,a1000_5y
samsung,5,a1000_5y,dev_02,dev_fold,125,0.024225757418569815,,,,,,,,,0.02317588207769075,1042,0.080175110769616,True,a1000_5y
samsung,5,a1000_5y,dev_03,dev_fold,108,0.025079833031962113,,,,,,,,,0.023558580820918305,1167,0.09204118469984605,True,a1000_5y
samsung,5,a1000_5y,dev_04,dev_fold,125,0.023623661887115895,,,,,,,,,0.02345902434870286,1187,0.0,False,a1000_5y
samsung,5,a1000_5y,dev_05,dev_fold,123,0.02941398579837809,,,,,,,,,0.021565951031904906,1210,0.0,False,a1000_5y
samsung,5,a1000_5y,dev_06,dev_fold,121,0.022203888016336066,,,,,,,,,0.022377420750356043,1215,0.06355577541670139,True,a1000_5y
samsung,5,a1000_5y,dev_07,dev_fold,121,0.02573188156450739,,,,,,,,,0.026629143562935085,1213,0.08787885542642287,True,a1000_5y
samsung,5,a1000_5y,dev_08,dev_fold,123,0.04650399974113886,,,,,,,,,0.04194117180688839,1213,0.10584189457546703,True,a1000_5y
samsung,5,a1000_5y,dev_09,dev_fold,117,0.03639057188662685,,,,,,,,,0.03560835457832171,1211,0.07112015223942175,True,a1000_5y
samsung,5,a1000_expanding,dev_all,dev_common,1086,0.028685811186366966,0.04103931258036346,0.02651155007742185,0.02651155007742185,0.7777777777777778,0.010138416687129214,1402.5555555555557,0.06205448753884619,0.011521922222325683,,,,,
samsung,5,a1000_expanding,dev_01,dev_fold,123,0.02181516518854675,,,,,,,,,0.020425511239914422,919,0.10392715657115692,True,a1000_expanding
samsung,5,a1000_expanding,dev_02,dev_fold,125,0.024225757418569815,,,,,,,,,0.02317588207769075,1042,0.080175110769616,True,a1000_expanding
samsung,5,a1000_expanding,dev_03,dev_fold,108,0.025079833031962113,,,,,,,,,0.023558580820918305,1167,0.09204118469984605,True,a1000_expanding
samsung,5,a1000_expanding,dev_04,dev_fold,125,0.023814674794741496,,,,,,,,,0.02345902434870286,1275,0.0,False,a1000_expanding
samsung,5,a1000_expanding,dev_05,dev_fold,123,0.03118824990938323,,,,,,,,,0.021565951031904906,1400,0.0,False,a1000_expanding
samsung,5,a1000_expanding,dev_06,dev_fold,121,0.022167572461692472,,,,,,,,,0.022377420750356043,1523,0.0507792278040261,True,a1000_expanding
samsung,5,a1000_expanding,dev_07,dev_fold,121,0.0252552603893492,,,,,,,,,0.026629143562935085,1644,0.06827521224840787,True,a1000_expanding
samsung,5,a1000_expanding,dev_08,dev_fold,123,0.04738626612743866,,,,,,,,,0.04194117180688839,1765,0.0885244839875973,True,a1000_expanding
samsung,5,a1000_expanding,dev_09,dev_fold,117,0.03720531101352409,,,,,,,,,0.03560835457832171,1888,0.07476801176896548,True,a1000_expanding
samsung,5,a10000_5y,dev_all,dev_common,1086,0.02687307309543779,0.03498834972492523,0.026673455343567458,0.026677131019781076,0.6666666666666666,0.003973826023471714,1153.0,0.32706423285076364,0.012475599998853996,,,,,
samsung,5,a10000_5y,dev_01,dev_fold,123,0.021321296548760436,,,,,,,,,0.020425511239914422,919,0.5411045968237199,True,a10000_5y
samsung,5,a10000_5y,dev_02,dev_fold,125,0.02316768355363102,,,,,,,,,0.02317588207769075,1042,0.36505619973079717,False,a10000_5y
samsung,5,a10000_5y,dev_03,dev_fold,108,0.024740008361445364,,,,,,,,,0.023558580820918305,1167,0.8138572915711084,True,a10000_5y
samsung,5,a10000_5y,dev_04,dev_fold,125,0.023186346619859393,,,,,,,,,0.02345902434870286,1187,0.0,False,a10000_5y
samsung,5,a10000_5y,dev_05,dev_fold,123,0.02237878201029323,,,,,,,,,0.021565951031904906,1210,0.0,False,a10000_5y
samsung,5,a10000_5y,dev_06,dev_fold,121,0.02224285635171602,,,,,,,,,0.022377420750356043,1215,0.22629992400670515,True,a10000_5y
samsung,5,a10000_5y,dev_07,dev_fold,121,0.02624201783711239,,,,,,,,,0.026629143562935085,1213,0.41178535106156494,True,a10000_5y
samsung,5,a10000_5y,dev_08,dev_fold,123,0.04327300374621539,,,,,,,,,0.04194117180688839,1213,0.49270857879555247,True,a10000_5y
samsung,5,a10000_5y,dev_09,dev_fold,117,0.03550105817544199,,,,,,,,,0.03560835457832171,1211,0.09276615366742488,True,a10000_5y
samsung,5,a10000_expanding,dev_all,dev_common,1086,0.02687252011203428,0.035047711516950755,0.02663472149542065,0.026638397171634267,0.6666666666666666,0.004457905568177415,1402.5555555555557,0.3312916362666071,0.012394955555565603,,,,,
samsung,5,a10000_expanding,dev_01,dev_fold,123,0.021321296548760436,,,,,,,,,0.020425511239914422,919,0.5411045968237199,True,a10000_expanding
samsung,5,a10000_expanding,dev_02,dev_fold,125,0.02316768355363102,,,,,,,,,0.02317588207769075,1042,0.36505619973079717,False,a10000_expanding
samsung,5,a10000_expanding,dev_03,dev_fold,108,0.024740008361445364,,,,,,,,,0.023558580820918305,1167,0.8138572915711084,True,a10000_expanding
samsung,5,a10000_expanding,dev_04,dev_fold,125,0.023231661966246174,,,,,,,,,0.02345902434870286,1275,0.0,False,a10000_expanding
samsung,5,a10000_expanding,dev_05,dev_fold,123,0.022778761169903884,,,,,,,,,0.021565951031904906,1400,0.0,False,a10000_expanding
samsung,5,a10000_expanding,dev_06,dev_fold,121,0.02218082935056946,,,,,,,,,0.022377420750356043,1523,0.19723075986889424,True,a10000_expanding
samsung,5,a10000_expanding,dev_07,dev_fold,121,0.02599745605855228,,,,,,,,,0.026629143562935085,1644,0.3393904520070894,True,a10000_expanding
samsung,5,a10000_expanding,dev_08,dev_fold,123,0.04312320473453577,,,,,,,,,0.04194117180688839,1765,0.4316866035370914,True,a10000_expanding
samsung,5,a10000_expanding,dev_09,dev_fold,117,0.035501572071804606,,,,,,,,,0.03560835457832171,1888,0.29329882286076353,True,a10000_expanding
samsung,5,inner_selected,dev_all,dev_common,1086,0.026878344314749742,0.034978295665165915,0.026665190315713946,0.026668865991927564,0.6666666666666666,0.004132447774503766,,,,,,,,
samsung,5,inner_selected,dev_01,dev_fold,123,0.021321296548760436,,,,,,,,,0.020425511239914422,919,0.5411045968237199,True,a10000_expanding
samsung,5,inner_selected,dev_02,dev_fold,125,0.02316768355363102,,,,,,,,,0.02317588207769075,1042,0.36505619973079717,False,a10000_expanding
samsung,5,inner_selected,dev_03,dev_fold,108,0.024740008361445364,,,,,,,,,0.023558580820918305,1167,0.8138572915711084,True,a10000_expanding
samsung,5,inner_selected,dev_04,dev_fold,125,0.023231661966246174,,,,,,,,,0.02345902434870286,1275,0.0,False,a10000_expanding
samsung,5,inner_selected,dev_05,dev_fold,123,0.02237878201029323,,,,,,,,,0.021565951031904906,1210,0.0,False,a10000_5y
samsung,5,inner_selected,dev_06,dev_fold,121,0.02224285635171602,,,,,,,,,0.022377420750356043,1215,0.22629992400670515,True,a10000_5y
samsung,5,inner_selected,dev_07,dev_fold,121,0.02624201783711239,,,,,,,,,0.026629143562935085,1213,0.41178535106156494,True,a10000_5y
samsung,5,inner_selected,dev_08,dev_fold,123,0.04327300374621539,,,,,,,,,0.04194117180688839,1213,0.49270857879555247,True,a10000_5y
samsung,5,inner_selected,dev_09,dev_fold,117,0.035501572071804606,,,,,,,,,0.03560835457832171,1888,0.29329882286076353,True,a10000_expanding
samsung,20,hold_current,dev_all,dev_common,1086,0.05006206151118869,0.06344103285048154,,,,,,,,,,,,
samsung,20,a100_5y,dev_all,dev_common,1086,0.07228316712536384,0.12925419063188318,0.050268356490991276,0.050053086053033435,0.2222222222222222,0.04592875728282717,1133.0,0.007489259068062276,0.012690088888727283,,,,,
samsung,20,a100_5y,dev_01,dev_fold,123,0.04326482240590049,,,,,,,,,0.02443764540457775,889,0.019405895366366447,True,a100_5y
samsung,20,a100_5y,dev_02,dev_fold,125,0.06407015538324233,,,,,,,,,0.0494481373447924,1012,0.013951767574482299,True,a100_5y
samsung,20,a100_5y,dev_03,dev_fold,108,0.06063365052553426,,,,,,,,,0.05511537872073959,1137,0.0,False,a100_5y
samsung,20,a100_5y,dev_04,dev_fold,125,0.05133527327331908,,,,,,,,,0.05359914257642141,1172,0.0,False,a100_5y
samsung,20,a100_5y,dev_05,dev_fold,123,0.11143207810374592,,,,,,,,,0.046202301301395514,1195,0.034045668671711736,False,a100_5y
samsung,20,a100_5y,dev_06,dev_fold,121,0.0498385322661201,,,,,,,,,0.040052940593539185,1200,0.0,False,a100_5y
samsung,20,a100_5y,dev_07,dev_fold,121,0.05909384308652461,,,,,,,,,0.05453007980237695,1198,0.0,False,a100_5y
samsung,20,a100_5y,dev_08,dev_fold,123,0.1465099962506651,,,,,,,,,0.07709427349915471,1198,0.0,False,a100_5y
samsung,20,a100_5y,dev_09,dev_fold,117,0.062360178975460964,,,,,,,,,0.050582678256604424,1196,0.0,False,a100_5y
samsung,20,a100_expanding,dev_all,dev_common,1086,0.07136214687041183,0.13342874050285441,0.05011250856019264,0.050053086053033435,0.2222222222222222,0.04268124478296837,1372.5555555555557,0.004732683724109431,0.011815833332042934,,,,,
samsung,20,a100_expanding,dev_01,dev_fold,123,0.04326482240590049,,,,,,,,,0.02443764540457775,889,0.019405895366366447,True,a100_expanding
samsung,20,a100_expanding,dev_02,dev_fold,125,0.06407015538324233,,,,,,,,,0.0494481373447924,1012,0.013951767574482299,True,a100_expanding
samsung,20,a100_expanding,dev_03,dev_fold,108,0.06063365052553426,,,,,,,,,0.05511537872073959,1137,0.0,False,a100_expanding
samsung,20,a100_expanding,dev_04,dev_fold,125,0.056155172896696005,,,,,,,,,0.05359914257642141,1245,0.0,False,a100_expanding
samsung,20,a100_expanding,dev_05,dev_fold,123,0.11718723586425643,,,,,,,,,0.046202301301395514,1370,0.009236490576136142,False,a100_expanding
samsung,20,a100_expanding,dev_06,dev_fold,121,0.04205099101511307,,,,,,,,,0.040052940593539185,1493,0.0,False,a100_expanding
samsung,20,a100_expanding,dev_07,dev_fold,121,0.04797667837834997,,,,,,,,,0.05453007980237695,1614,0.0,False,a100_expanding
samsung,20,a100_expanding,dev_08,dev_fold,123,0.14690135949556063,,,,,,,,,0.07709427349915471,1735,0.0,False,a100_expanding
samsung,20,a100_expanding,dev_09,dev_fold,117,0.06175104980961515,,,,,,,,,0.050582678256604424,1858,0.0,False,a100_expanding
samsung,20,a1000_5y,dev_all,dev_common,1086,0.05821372128057573,0.0989099262240891,0.05006266294418883,0.05006266294418883,0.1111111111111111,0.02542474195405055,1133.0,0.0007371074498121059,0.012287944446143229,,,,,
samsung,20,a1000_5y,dev_01,dev_fold,123,0.03225740024030229,,,,,,,,,0.02443764540457775,889,0.006633967048308953,True,a1000_5y
samsung,20,a1000_5y,dev_02,dev_fold,125,0.05499934343700354,,,,,,,,,0.0494481373447924,1012,0.0,False,a1000_5y
samsung,20,a1000_5y,dev_03,dev_fold,108,0.05596356017731861,,,,,,,,,0.05511537872073959,1137,0.0,False,a1000_5y
samsung,20,a1000_5y,dev_04,dev_fold,125,0.05225153645521697,,,,,,,,,0.05359914257642141,1172,0.0,False,a1000_5y
samsung,20,a1000_5y,dev_05,dev_fold,123,0.08708325381771315,,,,,,,,,0.046202301301395514,1195,0.0,False,a1000_5y
samsung,20,a1000_5y,dev_06,dev_fold,121,0.04148783552853931,,,,,,,,,0.040052940593539185,1200,0.0,False,a1000_5y
samsung,20,a1000_5y,dev_07,dev_fold,121,0.05240682619839286,,,,,,,,,0.05453007980237695,1198,0.0,False,a1000_5y
samsung,20,a1000_5y,dev_08,dev_fold,123,0.09965698302328015,,,,,,,,,0.07709427349915471,1198,0.0,False,a1000_5y
samsung,20,a1000_5y,dev_09,dev_fold,117,0.04676678115443687,,,,,,,,,0.050582678256604424,1196,0.0,False,a1000_5y
samsung,20,a1000_expanding,dev_all,dev_common,1086,0.06021789263505692,0.10736881022315958,0.05006266294418883,0.05006266294418883,0.1111111111111111,0.025464755378062483,1372.5555555555557,0.0007371074498121059,0.011854944444267958,,,,,
samsung,20,a1000_expanding,dev_01,dev_fold,123,0.03225740024030229,,,,,,,,,0.02443764540457775,889,0.006633967048308953,True,a1000_expanding
samsung,20,a1000_expanding,dev_02,dev_fold,125,0.05499934343700354,,,,,,,,,0.0494481373447924,1012,0.0,False,a1000_expanding
samsung,20,a1000_expanding,dev_03,dev_fold,108,0.05596356017731861,,,,,,,,,0.05511537872073959,1137,0.0,False,a1000_expanding
samsung,20,a1000_expanding,dev_04,dev_fold,125,0.053172759908154406,,,,,,,,,0.05359914257642141,1245,0.0,False,a1000_expanding
samsung,20,a1000_expanding,dev_05,dev_fold,123,0.09306506736261337,,,,,,,,,0.046202301301395514,1370,0.0,False,a1000_expanding
samsung,20,a1000_expanding,dev_06,dev_fold,121,0.04090865269204075,,,,,,,,,0.040052940593539185,1493,0.0,False,a1000_expanding
samsung,20,a1000_expanding,dev_07,dev_fold,121,0.04852773403746735,,,,,,,,,0.05453007980237695,1614,0.0,False,a1000_expanding
samsung,20,a1000_expanding,dev_08,dev_fold,123,0.11040104966936813,,,,,,,,,0.07709427349915471,1735,0.0,False,a1000_expanding
samsung,20,a1000_expanding,dev_09,dev_fold,117,0.05141246637278015,,,,,,,,,0.050582678256604424,1858,0.0,False,a1000_expanding
samsung,20,a10000_5y,dev_all,dev_common,1086,0.05350348776308915,0.06896618834713725,0.050788482171063576,0.05042180518827757,0.4444444444444444,0.011661132188716197,1133.0,0.12804695880842848,0.013094755556570211,,,,,
samsung,20,a10000_5y,dev_01,dev_fold,123,0.03219876139711372,,,,,,,,,0.02443764540457775,889,0.3592059330647214,True,a10000_5y
samsung,20,a10000_5y,dev_02,dev_fold,125,0.05122406931290488,,,,,,,,,0.0494481373447924,1012,0.07256216574360302,True,a10000_5y
samsung,20,a10000_5y,dev_03,dev_fold,108,0.06140604388198962,,,,,,,,,0.05511537872073959,1137,0.598857413877179,False,a10000_5y
samsung,20,a10000_5y,dev_04,dev_fold,125,0.053572107166942586,,,,,,,,,0.05359914257642141,1172,0.0,False,a10000_5y
samsung,20,a10000_5y,dev_05,dev_fold,123,0.05438347383049603,,,,,,,,,0.046202301301395514,1195,0.0,False,a10000_5y
samsung,20,a10000_5y,dev_06,dev_fold,121,0.039549902672919024,,,,,,,,,0.040052940593539185,1200,0.0,False,a10000_5y
samsung,20,a10000_5y,dev_07,dev_fold,121,0.053339901793646505,,,,,,,,,0.05453007980237695,1198,0.042092150654369144,True,a10000_5y
samsung,20,a10000_5y,dev_08,dev_fold,123,0.08901674012909885,,,,,,,,,0.07709427349915471,1198,0.0797049659359838,True,a10000_5y
samsung,20,a10000_5y,dev_09,dev_fold,117,0.04730831283888384,,,,,,,,,0.050582678256604424,1196,0.0,False,a10000_5y
samsung,20,a10000_expanding,dev_all,dev_common,1086,0.054048122149700624,0.07054026552853576,0.0508061794461286,0.050446949412980883,0.3333333333333333,0.012662398800971007,1372.5555555555557,0.12661721298337034,0.011861377778081482,,,,,
samsung,20,a10000_expanding,dev_01,dev_fold,123,0.03219876139711372,,,,,,,,,0.02443764540457775,889,0.3592059330647214,True,a10000_expanding
samsung,20,a10000_expanding,dev_02,dev_fold,125,0.05122406931290488,,,,,,,,,0.0494481373447924,1012,0.07256216574360302,True,a10000_expanding
samsung,20,a10000_expanding,dev_03,dev_fold,108,0.06140604388198962,,,,,,,,,0.05511537872073959,1137,0.598857413877179,False,a10000_expanding
samsung,20,a10000_expanding,dev_04,dev_fold,125,0.05409439331273983,,,,,,,,,0.05359914257642141,1245,0.0,False,a10000_expanding
samsung,20,a10000_expanding,dev_05,dev_fold,123,0.05576386275610173,,,,,,,,,0.046202301301395514,1370,0.0,False,a10000_expanding
samsung,20,a10000_expanding,dev_06,dev_fold,121,0.03944543368503726,,,,,,,,,0.040052940593539185,1493,0.0,False,a10000_expanding
samsung,20,a10000_expanding,dev_07,dev_fold,121,0.05306124474734848,,,,,,,,,0.05453007980237695,1614,0.031325260835402526,False,a10000_expanding
samsung,20,a10000_expanding,dev_08,dev_fold,123,0.09174779761344751,,,,,,,,,0.07709427349915471,1735,0.07760414332942683,True,a10000_expanding
samsung,20,a10000_expanding,dev_09,dev_fold,117,0.04787957367090762,,,,,,,,,0.050582678256604424,1858,0.0,False,a10000_expanding
samsung,20,inner_selected,dev_all,dev_common,1086,0.057161088620436465,0.09681785539175129,0.050788482171063576,0.05042180518827757,0.4444444444444444,0.01745961706016553,,,,,,,,
samsung,20,inner_selected,dev_01,dev_fold,123,0.03219876139711372,,,,,,,,,0.02443764540457775,889,0.3592059330647214,True,a10000_expanding
samsung,20,inner_selected,dev_02,dev_fold,125,0.05122406931290488,,,,,,,,,0.0494481373447924,1012,0.07256216574360302,True,a10000_expanding
samsung,20,inner_selected,dev_03,dev_fold,108,0.06140604388198962,,,,,,,,,0.05511537872073959,1137,0.598857413877179,False,a10000_expanding
samsung,20,inner_selected,dev_04,dev_fold,125,0.053172759908154406,,,,,,,,,0.05359914257642141,1245,0.0,False,a1000_expanding
samsung,20,inner_selected,dev_05,dev_fold,123,0.08708325381771315,,,,,,,,,0.046202301301395514,1195,0.0,False,a1000_5y
samsung,20,inner_selected,dev_06,dev_fold,121,0.039549902672919024,,,,,,,,,0.040052940593539185,1200,0.0,False,a10000_5y
samsung,20,inner_selected,dev_07,dev_fold,121,0.053339901793646505,,,,,,,,,0.05453007980237695,1198,0.042092150654369144,True,a10000_5y
samsung,20,inner_selected,dev_08,dev_fold,123,0.08901674012909885,,,,,,,,,0.07709427349915471,1198,0.0797049659359838,True,a10000_5y
samsung,20,inner_selected,dev_09,dev_fold,117,0.04730831283888384,,,,,,,,,0.050582678256604424,1196,0.0,False,a10000_5y
