schema_version,run_id,created_at_utc,runtime,versions_hash,prediction_date,as_of_date,data_snapshot_hash,config_hash,target_mode,band,imputed_features,macro_snapshot_hash,macro_history_mode,prediction,p_down,p_flat,p_up,model,record_id,kind,horizon_days,target_date,horizon,trading_days,current_close,signal,predicted_return,predicted_close,center_close,low_close,high_close,band_coverage,vol_model,model_mae,zero_baseline_mae,mae_diff_lo,mae_diff_hi,oof_slope,actual_open,actual_close,actual_return,actual_class,direction_correct,price_error,absolute_price_error,price_ape,return_error,interval_hit,center_price_error,log_loss,brier,status,is_prospective,actual_updated_at_utc
3,20260906T235225_c30b9404115e,2026-09-06 23:52:37.092737+00:00,github-actions,823ac12bac50,2026-09-07,2026-09-06,2943991ecd1617b01fa3,9b0b1adcafba0fea37db,close_to_close,0.0044967643088917,{},,disabled,상승,0.2961895303263459,0.3218355276909288,0.3819749419827252,Logistic,20260906T235225_c30b9404115e:direction:Logistic,direction,1,2026-09-07,,,,,,,,,,,,,,,,,,,,,,,,,,,,,,missing_actual,True,2026-09-23T17:31:02.608344+00:00
3,20260906T235225_c30b9404115e,2026-09-06 23:52:37.092737+00:00,github-actions,823ac12bac50,2026-09-07,2026-09-06,2943991ecd1617b01fa3,9b0b1adcafba0fea37db,close_to_close,0.0044967643088917,{},,disabled,,,,,Ridge,20260906T235225_c30b9404115e:price:1,price,1,2026-09-07,1거래일,1.0,4476.60009765625,있음,0.0003130267432425,4478.001393205618,4478.001393205618,4394.889930405508,4561.112856005729,0.781305114638448,simple,0.0086178820418615,0.0086332838082833,-3.5743601020460986e-05,4.164326356074231e-06,0.4543233663529812,,,,,,,,,,,,,,missing_actual,True,2026-09-23T17:31:02.608344+00:00
3,20260906T235225_c30b9404115e,2026-09-06 23:52:37.092737+00:00,github-actions,823ac12bac50,2026-09-07,2026-09-06,2943991ecd1617b01fa3,9b0b1adcafba0fea37db,close_to_close,0.0044967643088917,{},,disabled,,,,,Ridge,20260906T235225_c30b9404115e:price:5,price,5,2026-09-11,1주일,5.0,4476.60009765625,없음,,,4476.60009765625,4278.075167144338,4675.125028168162,0.7865961199294532,simple,0.0197341496492808,0.0200027758978644,0.0,0.0,0.0,4359.39990234375,4408.89990234375,-0.015123127783503554,,,,,,,1.0,67.7001953125,,,scored,True,2026-09-23T17:31:02.608344+00:00
3,20260906T235225_c30b9404115e,2026-09-06 23:52:37.092737+00:00,github-actions,823ac12bac50,2026-09-07,2026-09-06,2943991ecd1617b01fa3,9b0b1adcafba0fea37db,close_to_close,0.0044967643088917,{},,disabled,,,,,Ridge,20260906T235225_c30b9404115e:price:20,price,20,2026-10-02,1개월,20.0,4476.60009765625,없음,,,4476.60009765625,4068.1420905329055,4885.058104779594,0.7495575221238938,simple,0.0390906414841217,0.0402194218244141,0.0,0.0,0.0,,,,,,,,,,,,,,pending,True,2026-09-23T17:31:02.608344+00:00
3,20260907T231529_550f9215463e,2026-09-07 23:15:38.694232+00:00,github-actions,823ac12bac50,2026-09-08,2026-09-07,25bc0daff4e538bb86df,9b0b1adcafba0fea37db,close_to_close,0.0044643519587691,{},,disabled,상승,0.2966306283466401,0.3220688907516982,0.3813004809016617,Logistic,20260907T231529_550f9215463e:direction:Logistic,direction,1,2026-09-08,,,,,,,,,,,,,,,,,4466.5,4439.0,,,,,,,,,,,,missing_reference,True,2026-09-23T17:31:02.608344+00:00
3,20260907T231529_550f9215463e,2026-09-07 23:15:38.694232+00:00,github-actions,823ac12bac50,2026-09-08,2026-09-07,25bc0daff4e538bb86df,9b0b1adcafba0fea37db,close_to_close,0.0044643519587691,{},,disabled,,,,,Ridge,20260907T231529_550f9215463e:price:1,price,1,2026-09-08,1거래일,1.0,4457.5,있음,0.0002367970737395,4458.555522956194,4458.555522956194,4376.395173268526,4540.715872643862,0.781305114638448,simple,0.0086140798160905,0.008629481577851,-3.574359927224442e-05,4.164326838658534e-06,0.4543233580542843,4466.5,4439.0,-0.004150308468872654,,,19.55552295619418,19.55552295619418,0.004405389266995761,0.0043871055426121545,1.0,19.55552295619418,,,scored,True,2026-09-23T17:31:02.608344+00:00
3,20260907T231529_550f9215463e,2026-09-07 23:15:38.694232+00:00,github-actions,823ac12bac50,2026-09-08,2026-09-07,25bc0daff4e538bb86df,9b0b1adcafba0fea37db,close_to_close,0.0044643519587691,{},,disabled,,,,,Ridge,20260907T231529_550f9215463e:price:5,price,5,2026-09-14,1주일,5.0,4457.5,없음,,,4457.5,4261.246954289731,4653.753045710269,0.7865961199294532,simple,0.019730348544639,0.0199989747831852,0.0,0.0,0.0,4375.0,4351.89990234375,-0.02369043133062254,,,,,,,1.0,105.60009765625,,,scored,True,2026-09-23T17:31:02.608344+00:00
3,20260907T231529_550f9215463e,2026-09-07 23:15:38.694232+00:00,github-actions,823ac12bac50,2026-09-08,2026-09-07,25bc0daff4e538bb86df,9b0b1adcafba0fea37db,close_to_close,0.0044643519587691,{},,disabled,,,,,Ridge,20260907T231529_550f9215463e:price:20,price,20,2026-10-05,1개월,20.0,4457.5,없음,,,4457.5,4053.716315321198,4861.283684678802,0.7495575221238938,simple,0.0390867662865059,0.0402155466485588,0.0,0.0,0.0,,,,,,,,,,,,,,pending,True,2026-09-23T17:31:02.608344+00:00
3,20260908T232703_7eead13c528b,2026-09-08 23:27:15.929962+00:00,github-actions,823ac12bac50,2026-09-09,2026-09-08,3c31a4f3288d7234b6ba,9b0b1adcafba0fea37db,close_to_close,0.0044862853111975,{},,disabled,상승,0.2942414433287723,0.3338735984843352,0.3718849581868925,Logistic,20260908T232703_7eead13c528b:direction:Logistic,direction,1,2026-09-09,,,,,,,,,,,,,,,,,4399.0,4460.7001953125,0.004888532397499423,2.0,1.0,,,,,,,0.9891707247230813,0.5925781124889599,scored,True,2026-09-23T17:31:02.608344+00:00
3,20260908T232703_7eead13c528b,2026-09-08 23:27:15.929962+00:00,github-actions,823ac12bac50,2026-09-09,2026-09-08,3c31a4f3288d7234b6ba,9b0b1adcafba0fea37db,close_to_close,0.0044862853111975,{},,disabled,,,,,Ridge,20260908T232703_7eead13c528b:price:1,price,1,2026-09-09,1거래일,1.0,4396.2998046875,있음,0.0002991362125612,4397.614897160358,4397.614897160358,4316.184473921335,4479.045320399381,0.781305114638448,simple,0.0086156176244702,0.0086306361370727,-3.5481005480217e-05,4.164326356074231e-06,0.4543233663529812,4399.0,4460.7001953125,0.014648771350018963,,,-63.08529815214206,63.08529815214206,0.014142465395552669,-0.014349635137457763,1.0,-63.08529815214206,,,scored,True,2026-09-23T17:31:02.608344+00:00
3,20260908T232703_7eead13c528b,2026-09-08 23:27:15.929962+00:00,github-actions,823ac12bac50,2026-09-09,2026-09-08,3c31a4f3288d7234b6ba,9b0b1adcafba0fea37db,close_to_close,0.0044862853111975,{},,disabled,,,,,Ridge,20260908T232703_7eead13c528b:price:5,price,5,2026-09-15,1주일,5.0,4396.2998046875,없음,,,4396.2998046875,4201.790304187394,4590.809305187606,0.7865961199294532,simple,0.0197362626171357,0.0200006465467903,0.0,0.0,0.0,4340.2998046875,4332.7998046875,-0.014443964884354288,,,,,,,1.0,63.5,,,scored,True,2026-09-23T17:31:02.608344+00:00
3,20260908T232703_7eead13c528b,2026-09-08 23:27:15.929962+00:00,github-actions,823ac12bac50,2026-09-09,2026-09-08,3c31a4f3288d7234b6ba,9b0b1adcafba0fea37db,close_to_close,0.0044862853111975,{},,disabled,,,,,Ridge,20260908T232703_7eead13c528b:price:20,price,20,2026-10-06,1개월,20.0,4396.2998046875,없음,,,4396.2998046875,3996.103402472599,4796.496206902401,0.7495575221238938,simple,0.0390743495382854,0.0402031298785777,0.0,0.0,0.0,,,,,,,,,,,,,,pending,True,2026-09-23T17:31:02.608344+00:00
3,20260909T232142_5cefe52cd94f,2026-09-09 23:21:54.498028+00:00,github-actions,823ac12bac50,2026-09-10,2026-09-09,faaae7d0788c1b4c627e,9b0b1adcafba0fea37db,close_to_close,0.0045432177572408,{},,disabled,상승,0.3140196279886711,0.3279359558463016,0.3580444161650273,Logistic,20260909T232142_5cefe52cd94f:direction:Logistic,direction,1,2026-09-10,,,,,,,,,,,,,,,,,4448.0,4407.2998046875,-0.011971302326283961,0.0,0.0,,,,,,,1.1582997855094612,0.7063068658685839,scored,True,2026-09-23T17:31:02.608344+00:00
3,20260909T232142_5cefe52cd94f,2026-09-09 23:21:54.498028+00:00,github-actions,823ac12bac50,2026-09-10,2026-09-09,faaae7d0788c1b4c627e,9b0b1adcafba0fea37db,close_to_close,0.0045432177572408,{},,disabled,,,,,Ridge,20260909T232142_5cefe52cd94f:price:1,price,1,2026-09-10,1거래일,1.0,4444.2998046875,있음,-0.0001368530356558,4443.691588767864,4443.691588767864,4360.323642325737,4527.059535209992,0.7821869488536155,simple,0.0086121654418045,0.0086272337209542,-3.523151688438835e-05,4.195201197934431e-06,0.4516974475080028,4448.0,4407.2998046875,-0.008325270937162066,,,36.39178408036423,36.39178408036423,0.00825716100403671,0.008188417901506265,1.0,36.39178408036423,,,scored,True,2026-09-23T17:31:02.608344+00:00
3,20260909T232142_5cefe52cd94f,2026-09-09 23:21:54.498028+00:00,github-actions,823ac12bac50,2026-09-10,2026-09-09,faaae7d0788c1b4c627e,9b0b1adcafba0fea37db,close_to_close,0.0045432177572408,{},,disabled,,,,,Ridge,20260909T232142_5cefe52cd94f:price:5,price,5,2026-09-16,1주일,5.0,4444.2998046875,없음,,,4444.2998046875,4245.171255904668,4643.428353470333,0.7874779541446209,simple,0.0197191529835307,0.0199839139438695,0.0,0.0,0.0,4333.5,4387.5,-0.012780371978414196,,,,,,,1.0,56.7998046875,,,scored,True,2026-09-23T17:31:02.608344+00:00
3,20260909T232142_5cefe52cd94f,2026-09-09 23:21:54.498028+00:00,github-actions,823ac12bac50,2026-09-10,2026-09-09,faaae7d0788c1b4c627e,9b0b1adcafba0fea37db,close_to_close,0.0045432177572408,{},,disabled,,,,,Ridge,20260909T232142_5cefe52cd94f:price:20,price,20,2026-10-07,1개월,20.0,4444.2998046875,없음,,,4444.2998046875,4034.5998743690825,4853.9997350059175,0.7504424778761062,simple,0.0390129701824689,0.0401364674163004,0.0,0.0,0.0,,,,,,,,,,,,,,pending,True,2026-09-23T17:31:02.608344+00:00
3,20260910T220218_6af1a577b29a,2026-09-10 22:02:31.717489+00:00,github-actions,823ac12bac50,2026-09-11,2026-09-10,179b75f69536d506ae47,9b0b1adcafba0fea37db,close_to_close,0.004562428633182,{},,disabled,,,,,Ridge,20260910T220218_6af1a577b29a:price:20,price,20,2026-10-08,1개월,20.0,4358.5,없음,,,4358.5,3955.465789396599,4761.534210603401,0.7513274336283186,simple,0.0389571772782627,0.0400702641785623,0.0,0.0,0.0,,,,,,,,,,,,,,pending,True,2026-09-23T17:31:02.608344+00:00
3,20260910T220218_6af1a577b29a,2026-09-10 22:02:31.717489+00:00,github-actions,823ac12bac50,2026-09-11,2026-09-10,179b75f69536d506ae47,9b0b1adcafba0fea37db,close_to_close,0.004562428633182,{},,disabled,상승,0.3190146808107337,0.2969353996998118,0.3840499194894544,Logistic,20260910T220218_6af1a577b29a:direction:Logistic,direction,1,2026-09-11,,,,,,,,,,,,,,,,,4359.39990234375,4408.89990234375,0.0003630562310619201,1.0,0.0,,,,,,,1.214240673266287,0.743564539427894,scored,True,2026-09-23T17:31:02.608344+00:00
3,20260910T220218_6af1a577b29a,2026-09-10 22:02:31.717489+00:00,github-actions,823ac12bac50,2026-09-11,2026-09-10,179b75f69536d506ae47,9b0b1adcafba0fea37db,close_to_close,0.004562428633182,{},,disabled,,,,,Ridge,20260910T220218_6af1a577b29a:price:1,price,1,2026-09-11,1거래일,1.0,4358.5,있음,-9.956924623111264e-05,4358.066027440302,4358.066027440302,4275.843419297091,4440.288635583513,0.7823788546255507,simple,0.0086101110856755,0.0086254301055536,-3.528731274662642e-05,4.025334550851561e-06,0.4505552398375003,4359.39990234375,4408.89990234375,0.011563588928243718,,,-50.833874903448304,50.833874903448304,0.011529831937537358,-0.01166315817447483,1.0,-50.833874903448304,,,scored,True,2026-09-23T17:31:02.608344+00:00
3,20260910T220218_6af1a577b29a,2026-09-10 22:02:31.717489+00:00,github-actions,823ac12bac50,2026-09-11,2026-09-10,179b75f69536d506ae47,9b0b1adcafba0fea37db,close_to_close,0.004562428633182,{},,disabled,,,,,Ridge,20260910T220218_6af1a577b29a:price:5,price,5,2026-09-17,1주일,5.0,4358.5,없음,,,4358.5,4162.389989906388,4554.610010093612,0.7883597883597884,simple,0.0196759170055854,0.0199358761284949,0.0,0.0,0.0,4301.39990234375,4399.7001953125,0.009452838204083935,,,,,,,1.0,-41.2001953125,,,scored,True,2026-09-23T17:31:02.608344+00:00
3,20260911T222934_8cc82b71ed83,2026-09-11 22:29:46.297478+00:00,github-actions,823ac12bac50,2026-09-14,2026-09-11,ad56f16148d917d84a5f,9b0b1adcafba0fea37db,close_to_close,0.0045081285749495,{},,disabled,상승,0.3244365203619844,0.3213675526329572,0.3541959270050584,Logistic,20260911T222934_8cc82b71ed83:direction:Logistic,direction,1,2026-09-14,,,,,,,,,,,,,,,,,4375.0,4351.89990234375,-0.012928395124075953,0.0,0.0,,,,,,,1.1256653848961176,0.6851178736128928,scored,True,2026-09-23T17:31:02.608344+00:00
3,20260911T222934_8cc82b71ed83,2026-09-11 22:29:46.297478+00:00,github-actions,823ac12bac50,2026-09-14,2026-09-11,ad56f16148d917d84a5f,9b0b1adcafba0fea37db,close_to_close,0.0045081285749495,{},,disabled,,,,,Ridge,20260911T222934_8cc82b71ed83:price:1,price,1,2026-09-14,1거래일,1.0,4390.0,있음,-7.932898370199837e-06,4389.965174576155,4389.965174576155,4308.352828587143,4471.577520565166,0.7832599118942731,simple,0.0086022637655716,0.0086164681057837,-3.429060686641225e-05,4.404453341016863e-06,0.4521990138917148,4375.0,4351.89990234375,-0.00867883773490885,,,38.06527223240482,38.06527223240482,0.008746817042346141,0.008670904836538651,1.0,38.06527223240482,,,scored,True,2026-09-23T17:31:02.608344+00:00
3,20260911T222934_8cc82b71ed83,2026-09-11 22:29:46.297478+00:00,github-actions,823ac12bac50,2026-09-14,2026-09-11,ad56f16148d917d84a5f,9b0b1adcafba0fea37db,close_to_close,0.0045081285749495,{},,disabled,,,,,Ridge,20260911T222934_8cc82b71ed83:price:5,price,5,2026-09-18,1주일,5.0,4390.0,없음,,,4390.0,4194.82353776176,4585.17646223824,0.7892416225749559,simple,0.0196544765232715,0.0199102756600811,0.0,0.0,0.0,4381.60009765625,4424.89990234375,0.00794986385962404,,,,,,,1.0,-34.89990234375,,,scored,True,2026-09-23T17:31:02.608344+00:00
3,20260911T222934_8cc82b71ed83,2026-09-11 22:29:46.297478+00:00,github-actions,823ac12bac50,2026-09-14,2026-09-11,ad56f16148d917d84a5f,9b0b1adcafba0fea37db,close_to_close,0.0045081285749495,{},,disabled,,,,,Ridge,20260911T222934_8cc82b71ed83:price:20,price,20,2026-10-09,1개월,20.0,4390.0,없음,,,4390.0,3988.612554268734,4791.387445731266,0.7508833922261484,simple,0.0389507829524953,0.040074091877491,0.0,0.0,0.0,,,,,,,,,,,,,,pending,True,2026-09-23T17:31:02.608344+00:00
3,20260914T224104_e635f720f8bb,2026-09-14 22:41:14.440582+00:00,github-actions,823ac12bac50,2026-09-15,2026-09-14,16fb796e432080d13dcb,9b0b1adcafba0fea37db,close_to_close,0.0046769855601598,{},,disabled,상승,0.3524167527535887,0.2906756145653292,0.356907632681082,Logistic,20260914T224104_e635f720f8bb:direction:Logistic,direction,1,2026-09-15,,,,,,,,,,,,,,,,,4340.2998046875,4332.7998046875,-0.004388910150705305,1.0,0.0,,,,,,,1.2355473601600548,0.7547217096596716,scored,True,2026-09-23T17:31:02.608344+00:00
3,20260914T224104_e635f720f8bb,2026-09-14 22:41:14.440582+00:00,github-actions,823ac12bac50,2026-09-15,2026-09-14,16fb796e432080d13dcb,9b0b1adcafba0fea37db,close_to_close,0.0046769855601598,{},,disabled,,,,,Ridge,20260914T224104_e635f720f8bb:price:1,price,1,2026-09-15,1거래일,1.0,4336.10009765625,있음,-2.615866469568573e-05,4335.986671067709,4335.986671067709,4252.307608155729,4419.665733979688,0.7841409691629956,simple,0.0086000773658003,0.0086144167718828,-3.4425481944629275e-05,4.384368204449481e-06,0.4521980351496653,4340.2998046875,4332.7998046875,-0.0007611201066446416,,,3.186866380208812,3.186866380208812,0.0007355212619703906,0.0007349614419489559,1.0,3.186866380208812,,,scored,True,2026-09-23T17:31:02.608344+00:00
3,20260914T224104_e635f720f8bb,2026-09-14 22:41:14.440582+00:00,github-actions,823ac12bac50,2026-09-15,2026-09-14,16fb796e432080d13dcb,9b0b1adcafba0fea37db,close_to_close,0.0046769855601598,{},,disabled,,,,,Ridge,20260914T224104_e635f720f8bb:price:5,price,5,2026-09-21,1주일,5.0,4336.10009765625,없음,,,4336.10009765625,4135.858620081728,4536.341575230772,0.7901234567901234,simple,0.0196411883794759,0.0198953780301835,0.0,0.0,0.0,4413.0,4383.89990234375,0.011023685710884967,,,,,,,1.0,-47.7998046875,,,scored,True,2026-09-23T17:31:02.608344+00:00
3,20260914T224104_e635f720f8bb,2026-09-14 22:41:14.440582+00:00,github-actions,823ac12bac50,2026-09-15,2026-09-14,16fb796e432080d13dcb,9b0b1adcafba0fea37db,close_to_close,0.0046769855601598,{},,disabled,,,,,Ridge,20260914T224104_e635f720f8bb:price:20,price,20,2026-10-12,1개월,20.0,4336.10009765625,없음,,,4336.10009765625,3924.791015840041,4747.40917947246,0.7517667844522968,simple,0.0389031046231303,0.0400163711280065,0.0,0.0,0.0,,,,,,,,,,,,,,pending,True,2026-09-23T17:31:02.608344+00:00
3,20260915T233314_3e410a87d97e,2026-09-15 23:33:22.250619+00:00,github-actions,823ac12bac50,2026-09-16,2026-09-15,bbbec7658f4fdb8deff6,9b0b1adcafba0fea37db,close_to_close,0.0045367571131936,{},,disabled,상승,0.341014867314205,0.3077670153244293,0.3512181173613656,Logistic,20260915T233314_3e410a87d97e:direction:Logistic,direction,1,2026-09-16,,,,,,,,,,,,,,,,,4333.5,4387.5,0.01262467637053577,2.0,1.0,,,,,,,1.0463478315319061,0.6319296066911632,scored,True,2026-09-23T17:31:02.608344+00:00
3,20260915T233314_3e410a87d97e,2026-09-15 23:33:22.250619+00:00,github-actions,823ac12bac50,2026-09-16,2026-09-15,bbbec7658f4fdb8deff6,9b0b1adcafba0fea37db,close_to_close,0.0045367571131936,{},,disabled,,,,,Ridge,20260915T233314_3e410a87d97e:price:1,price,1,2026-09-16,1거래일,1.0,4326.60009765625,있음,-3.695412306115031e-05,4326.440211943805,4326.440211943805,4245.355198324205,4407.525225563404,0.7770925110132159,simple,0.0086581153139014,0.0086699004672249,-3.395889680739131e-05,6.255956629647215e-06,0.4546553829439511,4333.5,4387.5,0.01407569476475068,,,-61.05978805619543,61.05978805619543,0.013916760810528873,-0.01411264888781183,1.0,-61.05978805619543,,,scored,True,2026-09-23T17:31:02.608344+00:00
3,20260915T233314_3e410a87d97e,2026-09-15 23:33:22.250619+00:00,github-actions,823ac12bac50,2026-09-16,2026-09-15,bbbec7658f4fdb8deff6,9b0b1adcafba0fea37db,close_to_close,0.0045367571131936,{},,disabled,,,,,Ridge,20260915T233314_3e410a87d97e:price:5,price,5,2026-09-22,1주일,5.0,4326.60009765625,없음,,,4326.60009765625,4132.894002514629,4520.306192797871,0.7938325991189428,simple,0.0199170012507304,0.0201825080969873,0.0,0.0,0.0,4382.5,4376.39990234375,0.011510147359002909,,,,,,,1.0,-49.7998046875,,,scored,True,2026-09-23T17:31:02.608344+00:00
3,20260915T233314_3e410a87d97e,2026-09-15 23:33:22.250619+00:00,github-actions,823ac12bac50,2026-09-16,2026-09-15,bbbec7658f4fdb8deff6,9b0b1adcafba0fea37db,close_to_close,0.0045367571131936,{},,disabled,,,,,Ridge,20260915T233314_3e410a87d97e:price:20,price,20,2026-10-13,1개월,20.0,4326.60009765625,없음,,,4326.60009765625,3928.497276465056,4724.702918847444,0.7659010600706714,simple,0.0392136798192603,0.0403324500497637,0.0,0.0,0.0,,,,,,,,,,,,,,pending,True,2026-09-23T17:31:02.608344+00:00
3,20260916T230249_25bd79d6e1bc,2026-09-16 23:03:00.989661+00:00,github-actions,823ac12bac50,2026-09-17,2026-09-16,efa679e2a7beb3a1b464,9b0b1adcafba0fea37db,close_to_close,0.0044882462726468,{},,disabled,,,,,Ridge,20260916T230249_25bd79d6e1bc:price:20,price,20,2026-10-14,1개월,20.0,4303.89990234375,없음,,,4303.89990234375,3912.497584633792,4695.302220053709,0.7659010600706714,simple,0.0392212582304773,0.0403293231987196,0.0,0.0,0.0,,,,,,,,,,,,,,pending,True,2026-09-23T17:31:02.608344+00:00
3,20260916T230249_25bd79d6e1bc,2026-09-16 23:03:00.989661+00:00,github-actions,823ac12bac50,2026-09-17,2026-09-16,efa679e2a7beb3a1b464,9b0b1adcafba0fea37db,close_to_close,0.0044882462726468,{},,disabled,,,,,Ridge,20260916T230249_25bd79d6e1bc:price:5,price,5,2026-09-23,1주일,5.0,4303.89990234375,없음,,,4303.89990234375,4113.270519032854,4494.529285654646,0.7938325991189428,simple,0.0199430144541384,0.0202040046528491,0.0,0.0,0.0,,,,,,,,,,,,,,missing_actual,True,2026-09-23T17:31:02.608344+00:00
3,20260916T230249_25bd79d6e1bc,2026-09-16 23:03:00.989661+00:00,github-actions,823ac12bac50,2026-09-17,2026-09-16,efa679e2a7beb3a1b464,9b0b1adcafba0fea37db,close_to_close,0.0044882462726468,{},,disabled,하락,0.3768222430140969,0.2960790677991066,0.3270986891867966,Logistic,20260916T230249_25bd79d6e1bc:direction:Logistic,direction,1,2026-09-17,,,,,,,,,,,,,,,,,4301.39990234375,4399.7001953125,0.002780671296296333,1.0,0.0,,,,,,,1.217128739385596,0.7444932340884706,scored,True,2026-09-23T17:31:02.608344+00:00
3,20260916T230249_25bd79d6e1bc,2026-09-16 23:03:00.989661+00:00,github-actions,823ac12bac50,2026-09-17,2026-09-16,efa679e2a7beb3a1b464,9b0b1adcafba0fea37db,close_to_close,0.0044882462726468,{},,disabled,,,,,Ridge,20260916T230249_25bd79d6e1bc:price:1,price,1,2026-09-17,1거래일,1.0,4303.89990234375,있음,-0.0003877304843626,4302.231149149966,4302.231149149966,4222.469070046129,4381.993228253804,0.7762114537444934,simple,0.0086559013882391,0.0086677391978336,-3.427856228885872e-05,6.345891967013473e-06,0.4610080450355344,4301.39990234375,4399.7001953125,0.022258950055176863,,,-97.46904616253414,97.46904616253414,0.02215356543302177,-0.022646680539539464,0.0,-97.46904616253414,,,scored,True,2026-09-23T17:31:02.608344+00:00
3,20260917T233506_1c4190ad0bd9,2026-09-17 23:35:16.490912+00:00,github-actions,823ac12bac50,2026-09-18,2026-09-17,2ebd0c17f54fced33ad9,9b0b1adcafba0fea37db,close_to_close,0.0040979457680043,{},,disabled,상승,0.3118287448654394,0.331618765449406,0.3565524896851545,Logistic,20260917T233506_1c4190ad0bd9:direction:Logistic,direction,1,2026-09-18,,,,,,,,,,,,,,,,,4381.60009765625,4424.89990234375,0.005727596407159252,2.0,1.0,,,,,,,1.0312738138224724,0.6212328702529166,scored,True,2026-09-23T17:31:02.608344+00:00
3,20260917T233506_1c4190ad0bd9,2026-09-17 23:35:16.490912+00:00,github-actions,823ac12bac50,2026-09-18,2026-09-17,2ebd0c17f54fced33ad9,9b0b1adcafba0fea37db,close_to_close,0.0040979457680043,{},,disabled,,,,,Ridge,20260917T233506_1c4190ad0bd9:price:1,price,1,2026-09-18,1거래일,1.0,4386.5,있음,0.0005424282862804,4388.879361677769,4388.879361677769,4314.767275357467,4462.991447998072,0.7766051011433597,simple,0.0086532748886409,0.0086647009930498,-3.3730313425619745e-05,6.0119073328305945e-06,0.4504693036132432,4381.60009765625,4424.89990234375,0.008754109732987514,,,-36.02054066598066,36.02054066598066,0.008140419322683787,-0.008211681446707114,1.0,-36.02054066598066,,,scored,True,2026-09-23T17:31:02.608344+00:00
3,20260917T233506_1c4190ad0bd9,2026-09-17 23:35:16.490912+00:00,github-actions,823ac12bac50,2026-09-18,2026-09-17,2ebd0c17f54fced33ad9,9b0b1adcafba0fea37db,close_to_close,0.0040979457680043,{},,disabled,,,,,Ridge,20260917T233506_1c4190ad0bd9:price:5,price,5,2026-09-24,1주일,5.0,4386.5,없음,,,4386.5,4208.945593411503,4564.054406588497,0.7938325991189428,simple,0.0199145354676473,0.0201761560937926,0.0,0.0,0.0,,,,,,,,,,,,,,pending,True,2026-09-23T17:31:02.608344+00:00
3,20260917T233506_1c4190ad0bd9,2026-09-17 23:35:16.490912+00:00,github-actions,823ac12bac50,2026-09-18,2026-09-17,2ebd0c17f54fced33ad9,9b0b1adcafba0fea37db,close_to_close,0.0040979457680043,{},,disabled,,,,,Ridge,20260917T233506_1c4190ad0bd9:price:20,price,20,2026-10-15,1개월,20.0,4386.5,없음,,,4386.5,4022.275720968316,4750.724279031685,0.7659010600706714,simple,0.0392100219336225,0.0403096360750464,0.0,0.0,0.0,,,,,,,,,,,,,,pending,True,2026-09-23T17:31:02.608344+00:00
3,20260920T000056_75ba2cd3d3eb,2026-09-20 00:01:06.126558+00:00,github-actions,823ac12bac50,2026-09-21,2026-09-18,82b008429f4bb27cb2fe,9b0b1adcafba0fea37db,close_to_close,0.0041078583910471,{},,disabled,상승,0.3108987218784635,0.3234446629493445,0.3656566151721919,Logistic,20260920T000056_75ba2cd3d3eb:direction:Logistic,direction,1,2026-09-21,,,,,,,,,,,,,,,,,4413.0,4383.89990234375,-0.009265746323048663,0.0,0.0,,,,,,,1.1682880729633074,0.7131817817183348,scored,True,2026-09-23T17:31:02.608344+00:00
3,20260920T000056_75ba2cd3d3eb,2026-09-20 00:01:06.126558+00:00,github-actions,823ac12bac50,2026-09-21,2026-09-18,82b008429f4bb27cb2fe,9b0b1adcafba0fea37db,close_to_close,0.0041078583910471,{},,disabled,,,,,Ridge,20260920T000056_75ba2cd3d3eb:price:1,price,1,2026-09-21,1거래일,1.0,4424.89990234375,있음,6.447435589507222e-05,4425.185194914854,4425.185194914854,4350.161562931175,4500.208826898533,0.7766051011433597,simple,0.0086531395144912,0.0086652127565124,-3.386556707742985e-05,5.927596976550777e-06,0.4515673072439984,4413.0,4383.89990234375,-0.009265746323048663,,,41.28529257110404,41.28529257110404,0.00941748066579527,0.009330220678943735,1.0,41.28529257110404,,,scored,True,2026-09-23T17:31:02.608344+00:00
3,20260920T000056_75ba2cd3d3eb,2026-09-20 00:01:06.126558+00:00,github-actions,823ac12bac50,2026-09-21,2026-09-18,82b008429f4bb27cb2fe,9b0b1adcafba0fea37db,close_to_close,0.0041078583910471,{},,disabled,,,,,Ridge,20260920T000056_75ba2cd3d3eb:price:5,price,5,2026-09-25,1주일,5.0,4424.89990234375,없음,,,4424.89990234375,4244.907186937779,4604.892617749721,0.7955947136563877,simple,0.0198643834164171,0.0201277310383327,0.0,0.0,0.0,,,,,,,,,,,,,,pending,True,2026-09-23T17:31:02.608344+00:00
3,20260920T000056_75ba2cd3d3eb,2026-09-20 00:01:06.126558+00:00,github-actions,823ac12bac50,2026-09-21,2026-09-18,82b008429f4bb27cb2fe,9b0b1adcafba0fea37db,close_to_close,0.0041078583910471,{},,disabled,,,,,Ridge,20260920T000056_75ba2cd3d3eb:price:20,price,20,2026-10-16,1개월,20.0,4424.89990234375,없음,,,4424.89990234375,4056.4930563717294,4793.30674831577,0.766107678729038,simple,0.0392015605468307,0.0402997802039691,0.0,0.0,0.0,,,,,,,,,,,,,,pending,True,2026-09-23T17:31:02.608344+00:00
3,20260921T222628_eef193917ea5,2026-09-21 22:26:40.150874+00:00,github-actions,823ac12bac50,2026-09-22,2026-09-21,99a5b422fd8f7c2317d3,9b0b1adcafba0fea37db,close_to_close,0.0037146996982039,{},,disabled,상승,0.3076803097572047,0.3197978951840284,0.3725217950587668,Logistic,20260921T222628_eef193917ea5:direction:Logistic,direction,1,2026-09-22,,,,,,,,,,,,,,,,,4382.5,4376.39990234375,-0.0017108054853146593,1.0,0.0,,,,,,,1.140066060267393,0.6961145642021733,scored,True,2026-09-23T17:31:02.608344+00:00
3,20260921T222628_eef193917ea5,2026-09-21 22:26:40.150874+00:00,github-actions,823ac12bac50,2026-09-22,2026-09-21,99a5b422fd8f7c2317d3,9b0b1adcafba0fea37db,close_to_close,0.0037146996982039,{},,disabled,,,,,Ridge,20260921T222628_eef193917ea5:price:1,price,1,2026-09-22,1거래일,1.0,4386.7998046875,있음,0.0004522978560999,4388.783944834299,4388.783944834299,4321.503863099004,4456.064026569595,0.7766051011433597,simple,0.0086496241363035,0.0086620632183999,-3.422406342591017e-05,5.918655098245203e-06,0.4541558785661999,4382.5,4376.39990234375,-0.002370726453629679,,,12.384042490549291,12.384042490549291,0.002829732832211495,0.002823024309729579,1.0,12.384042490549291,,,scored,True,2026-09-23T17:31:02.608344+00:00
3,20260921T222628_eef193917ea5,2026-09-21 22:26:40.150874+00:00,github-actions,823ac12bac50,2026-09-22,2026-09-21,99a5b422fd8f7c2317d3,9b0b1adcafba0fea37db,close_to_close,0.0037146996982039,{},,disabled,,,,,Ridge,20260921T222628_eef193917ea5:price:5,price,5,2026-09-28,1주일,5.0,4386.7998046875,없음,,,4386.7998046875,4225.044345809791,4548.555263565208,0.798237885462555,simple,0.0198330259573027,0.0200997883329146,0.0,0.0,0.0,,,,,,,,,,,,,,pending,True,2026-09-23T17:31:02.608344+00:00
3,20260921T222628_eef193917ea5,2026-09-21 22:26:40.150874+00:00,github-actions,823ac12bac50,2026-09-22,2026-09-21,99a5b422fd8f7c2317d3,9b0b1adcafba0fea37db,close_to_close,0.0037146996982039,{},,disabled,,,,,Ridge,20260921T222628_eef193917ea5:price:20,price,20,2026-10-19,1개월,20.0,4386.7998046875,없음,,,4386.7998046875,4056.521304894807,4717.078304480194,0.766107678729038,simple,0.0392491362671811,0.0403425131727989,0.0,0.0,0.0,,,,,,,,,,,,,,pending,True,2026-09-23T17:31:02.608344+00:00
3,20260922T233846_cf8673cac866,2026-09-22 23:38:58.431378+00:00,github-actions,823ac12bac50,2026-09-23,2026-09-22,af30adb7964b38f300f8,9b0b1adcafba0fea37db,close_to_close,0.0037219295874896,{},,disabled,,,,,Ridge,20260922T233846_cf8673cac866:price:1,price,1,2026-09-23,1거래일,1.0,4401.2001953125,있음,0.0001655425876379,4401.9287813815445,4401.9287813815445,4334.220605159832,4469.636957603257,0.7774846086191732,simple,0.0086398966423247,0.0086521606346527,-3.4465919776792845e-05,6.4388235742662295e-06,0.4639465161776112,,,,,,,,,,,,,,missing_actual,True,2026-09-23T17:31:02.608344+00:00
3,20260922T233846_cf8673cac866,2026-09-22 23:38:58.431378+00:00,github-actions,823ac12bac50,2026-09-23,2026-09-22,af30adb7964b38f300f8,9b0b1adcafba0fea37db,close_to_close,0.0037219295874896,{},,disabled,,,,,Ridge,20260922T233846_cf8673cac866:price:5,price,5,2026-09-29,1주일,5.0,4401.2001953125,없음,,,4401.2001953125,4238.597890812095,4563.802499812905,0.798237885462555,simple,0.0198178142778365,0.0200879169484414,0.0,0.0,0.0,,,,,,,,,,,,,,pending,True,2026-09-23T17:31:02.608344+00:00
3,20260922T233846_cf8673cac866,2026-09-22 23:38:58.431378+00:00,github-actions,823ac12bac50,2026-09-23,2026-09-22,af30adb7964b38f300f8,9b0b1adcafba0fea37db,close_to_close,0.0037219295874896,{},,disabled,상승,0.3076998474954435,0.3288488487795778,0.3634513037249787,Logistic,20260922T233846_cf8673cac866:direction:Logistic,direction,1,2026-09-23,,,,,,,,,,,,,,,,,,,,,,,,,,,,,,missing_actual,True,2026-09-23T17:31:02.608344+00:00
3,20260922T233846_cf8673cac866,2026-09-22 23:38:58.431378+00:00,github-actions,823ac12bac50,2026-09-23,2026-09-22,af30adb7964b38f300f8,9b0b1adcafba0fea37db,close_to_close,0.0037219295874896,{},,disabled,,,,,Ridge,20260922T233846_cf8673cac866:price:20,price,20,2026-10-20,1개월,20.0,4401.2001953125,없음,,,4401.2001953125,4069.1925736480607,4733.207816976939,0.766107678729038,simple,0.0392982602119956,0.0403849864427083,0.0,0.0,0.0,,,,,,,,,,,,,,pending,True,2026-09-23T17:31:02.608344+00:00
