target,model,fold,test_start,test_end,mae,rmse,direction_hit,direction_n,n,seed
samsung,persistence,dev_01,2021-01-01,2021-06-30,0.0204255112399144,0.0287561058132562,,0,123,
samsung,ohlcv_ridge,dev_01,2021-01-01,2021-06-30,0.021980586189892,0.0293066660882931,0.4471544715447154,123,123,
samsung,persistence,dev_02,2021-07-01,2021-12-31,0.0230663297105063,0.0311740307229408,,0,121,
samsung,ohlcv_ridge,dev_02,2021-07-01,2021-12-31,0.0233240643388759,0.0328614072888147,0.5702479338842975,121,121,
samsung,persistence,dev_04,2022-07-01,2022-12-31,0.0239526434047978,0.0300318532806904,,0,81,
samsung,ohlcv_ridge,dev_04,2022-07-01,2022-12-31,0.0244411230222209,0.0302153440273016,0.4691358024691358,81,81,
samsung,persistence,dev_05,2023-01-01,2023-06-30,0.0215659510319049,0.028269182209908,,0,123,
samsung,ohlcv_ridge,dev_05,2023-01-01,2023-06-30,0.0426258817753422,0.0607911127531618,0.5121951219512195,123,123,
samsung,persistence,dev_06,2023-07-01,2023-12-31,0.0222179662901743,0.0278859079111809,,0,122,
samsung,ohlcv_ridge,dev_06,2023-07-01,2023-12-31,0.0226464454958406,0.0277577002101478,0.4918032786885246,122,122,
samsung,persistence,dev_07,2024-01-01,2024-06-30,0.026629143562935,0.0341157107891405,,0,121,
samsung,ohlcv_ridge,dev_07,2024-01-01,2024-06-30,0.0274288187831537,0.0344985177261836,0.4876033057851239,121,121,
samsung,persistence,dev_08,2024-07-01,2024-12-31,0.0477735008518564,0.0552427327454862,,0,64,
samsung,ohlcv_ridge,dev_08,2024-07-01,2024-12-31,0.0499984391491725,0.0572737991504467,0.296875,64,64,
samsung,persistence,dev_09,2025-01-01,2025-05-27,0.0379260489334276,0.0455059152743355,,0,70,
samsung,ohlcv_ridge,dev_09,2025-01-01,2025-05-27,0.0379545914137109,0.0456883285899339,0.5285714285714286,70,70,
samsung,persistence,all_used,2021-01-01,2025-05-27,0.0261105280103864,0.0342294953219477,,0,825,
samsung,ohlcv_ridge,all_used,2021-01-01,2025-05-27,0.0299236524088347,0.040584766459823,0.4848484848484848,825,825,
samsung,tcn_seed42,dev_01,2021-01-01,2021-06-30,0.021592000979984424,0.029275700543522753,0.43089430894308944,123,123,42.0
samsung,tcn_seed42,dev_02,2021-07-01,2021-12-31,0.023499298803258958,0.03249834218588841,0.5041322314049587,121,121,42.0
samsung,tcn_seed42,dev_04,2022-07-01,2022-12-31,0.024851874841937516,0.031284792576782156,0.4567901234567901,81,81,42.0
samsung,tcn_seed42,dev_05,2023-01-01,2023-06-30,0.04238417456663642,0.09207669871852828,0.5853658536585366,123,123,42.0
samsung,tcn_seed42,dev_06,2023-07-01,2023-12-31,0.022251130193185118,0.02773717367521814,0.4918032786885246,122,122,42.0
samsung,tcn_seed42,dev_07,2024-01-01,2024-06-30,0.027911763432007096,0.03511748290213523,0.4297520661157025,121,121,42.0
samsung,tcn_seed42,dev_08,2024-07-01,2024-12-31,0.04889224839729543,0.056742961037501254,0.359375,64,64,42.0
samsung,tcn_seed42,dev_09,2025-01-01,2025-05-27,0.037490766242900674,0.04530799702510901,0.5857142857142857,70,70,42.0
samsung,tcn_seed42,all_used,2021-01-01,2025-05-27,0.029782915639875195,0.04859409139297504,0.48363636363636364,825,825,42.0
samsung,tcn_seed43,dev_01,2021-01-01,2021-06-30,0.02188295039374088,0.029926332435598956,0.43089430894308944,123,123,43.0
samsung,tcn_seed43,dev_02,2021-07-01,2021-12-31,0.023053976341546448,0.03137964005559778,0.5371900826446281,121,121,43.0
samsung,tcn_seed43,dev_04,2022-07-01,2022-12-31,0.02491250760752763,0.031070269354289564,0.4444444444444444,81,81,43.0
samsung,tcn_seed43,dev_05,2023-01-01,2023-06-30,0.03964025897180633,0.07795434525921363,0.5203252032520326,123,123,43.0
samsung,tcn_seed43,dev_06,2023-07-01,2023-12-31,0.022048764094113996,0.027341667977620703,0.5737704918032787,122,122,43.0
samsung,tcn_seed43,dev_07,2024-01-01,2024-06-30,0.02721999664723543,0.03474081314543502,0.4297520661157025,121,121,43.0
samsung,tcn_seed43,dev_08,2024-07-01,2024-12-31,0.051469578912640694,0.06017550609052148,0.296875,64,64,43.0
samsung,tcn_seed43,dev_09,2025-01-01,2025-05-27,0.03709012116624956,0.04504130925149959,0.6142857142857143,70,70,43.0
samsung,tcn_seed43,all_used,2021-01-01,2025-05-27,0.02939239921374913,0.044937063302227714,0.48727272727272725,825,825,43.0
samsung,tcn_seed44,dev_01,2021-01-01,2021-06-30,0.021731815001545963,0.029497725015002217,0.4715447154471545,123,123,44.0
samsung,tcn_seed44,dev_02,2021-07-01,2021-12-31,0.023501725317124054,0.03232640541064844,0.5289256198347108,121,121,44.0
samsung,tcn_seed44,dev_04,2022-07-01,2022-12-31,0.025286082380348043,0.031467103400121384,0.41975308641975306,81,81,44.0
samsung,tcn_seed44,dev_05,2023-01-01,2023-06-30,0.04137245053782945,0.1391046762975441,0.5121951219512195,123,123,44.0
samsung,tcn_seed44,dev_06,2023-07-01,2023-12-31,0.022377522885442563,0.027979935574035313,0.5245901639344263,122,122,44.0
samsung,tcn_seed44,dev_07,2024-01-01,2024-06-30,0.0268932769030933,0.0343572744388986,0.4793388429752066,121,121,44.0
samsung,tcn_seed44,dev_08,2024-07-01,2024-12-31,0.05018159511691188,0.05802315445714377,0.34375,64,64,44.0
samsung,tcn_seed44,dev_09,2025-01-01,2025-05-27,0.03776980621173438,0.04544100429865787,0.5142857142857142,70,70,44.0
samsung,tcn_seed44,all_used,2021-01-01,2025-05-27,0.029688919899545974,0.06316969808122039,0.48363636363636364,825,825,44.0
samsung,tcn_mean,all_used,2021-01-01,2025-05-27,0.02881361688907283,0.04342090627143776,0.48363636363636364,825,825,
