target,target_mode,comparison,metric,delta,ci_low,ci_high,common_n,verdict
samsung,close_to_close,t0900 − t0700,log_loss,-0.1026909473929386,-0.1236050563477451,-0.081782535524364,1367,후보가 유의하게 우위
samsung,close_to_close,t0900 − t0700,balanced_accuracy,0.106937611893492,0.0805865416506148,0.1349908765854936,1367,후보가 유의하게 우위
samsung,close_to_close,t0900 − t0700,accuracy,0.1097293343087051,0.0839523149374025,0.1375889766024536,1367,후보가 유의하게 우위
samsung,close_to_close,t0900 − t0700,auc_gap,0.1781829520129219,0.1530495550911071,0.2047813591137031,1367,후보가 유의하게 우위
samsung,close_to_close,t0900 − t0700,auc_session,-0.0139559202059202,-0.040131054915572,0.0140935714870605,1367,동률(CI가 0 포함)
samsung,close_to_close,t0900 − gap_rule,log_loss,-0.0358635678201381,-0.0490413045815242,-0.020943769223893,1367,후보가 유의하게 우위
samsung,close_to_close,t0900 − gap_rule,balanced_accuracy,-0.0025814837342689,-0.0248887499048699,0.0172511162795502,1367,동률(CI가 0 포함)
samsung,close_to_close,t0900 − gap_rule,accuracy,0.0197512801755669,-0.0045079735401614,0.042753920171062,1367,동률(CI가 0 포함)
samsung,close_to_close,t0900 − gap_rule,auc_gap,0.0499511848535034,0.0392956043651407,0.0622417373458829,1367,후보가 유의하게 우위
samsung,close_to_close,t0900 − gap_rule,auc_session,0.0202726360814595,0.0057639295591976,0.0344537643817149,1367,후보가 유의하게 우위
samsung,close_to_close,t0700 − gap_rule,log_loss,0.0668273795728005,0.0454637546700856,0.0903729491886112,1367,후보가 유의하게 열위
samsung,close_to_close,t0700 − gap_rule,balanced_accuracy,-0.1095190956277609,-0.1417230727449632,-0.0785838840629616,1367,후보가 유의하게 열위
samsung,close_to_close,t0700 − gap_rule,accuracy,-0.0899780541331382,-0.1251108519701073,-0.0583801854316719,1367,후보가 유의하게 열위
samsung,close_to_close,t0700 − gap_rule,auc_gap,-0.1282317671594184,-0.1531842213460457,-0.1038731558403104,1367,후보가 유의하게 열위
samsung,close_to_close,t0700 − gap_rule,auc_session,0.0342285562873798,0.0032966451703267,0.0635688044784694,1367,후보가 유의하게 우위
samsung,close_to_close,t0700 − 사전확률,log_loss,-0.0680904063912675,-0.0852522616385519,-0.0495127479677908,1367,후보가 유의하게 우위
samsung,close_to_close,t0700 − 사전확률,balanced_accuracy,0.0995182369520055,0.0740521118132329,0.1250263572430267,1367,후보가 유의하게 우위
samsung,close_to_close,t0700 − 사전확률,accuracy,0.1719092904169714,0.1287928960368042,0.2134013300547304,1367,후보가 유의하게 우위
samsung,close_to_close,t0900 − 사전확률,log_loss,-0.1707813537842061,-0.1985534835960084,-0.1404146499139953,1367,후보가 유의하게 우위
samsung,close_to_close,t0900 − 사전확률,balanced_accuracy,0.2064558488454975,0.1778541552005751,0.2356765000061045,1367,후보가 유의하게 우위
samsung,close_to_close,t0900 − 사전확률,accuracy,0.2816386247256766,0.2389311445208408,0.3217452450680655,1367,후보가 유의하게 우위
samsung,close_to_close,gap_rule − 사전확률,log_loss,-0.134917785964068,-0.1617466513642084,-0.1084473869963778,1367,후보가 유의하게 우위
samsung,close_to_close,gap_rule − 사전확률,balanced_accuracy,0.2090373325797664,0.178213313945163,0.2402638464749444,1367,후보가 유의하게 우위
samsung,close_to_close,gap_rule − 사전확률,accuracy,0.2618873445501097,0.2269715780549126,0.2961595941758642,1367,후보가 유의하게 우위
samsung,close_to_close,t0700 − 노트북 OOF(재현 확인),log_loss,0.0,0.0,0.0,1367,동률(CI가 0 포함)
samsung,close_to_close,t0700 − 노트북 OOF(재현 확인),balanced_accuracy,0.0,0.0,0.0,1367,동률(CI가 0 포함)
samsung,close_to_close,t0700 − 노트북 OOF(재현 확인),accuracy,0.0,0.0,0.0,1367,동률(CI가 0 포함)
samsung,session,t0900 − t0700,log_loss,-0.0016288455282515,-0.0039245157973891,0.0009763719558897,1367,동률(CI가 0 포함)
samsung,session,t0900 − t0700,balanced_accuracy,0.0096016762683429,-0.0032912382285463,0.0223668445967387,1367,동률(CI가 0 포함)
samsung,session,t0900 − t0700,accuracy,0.0124359912216532,-0.0014963966605103,0.0275177901627835,1367,동률(CI가 0 포함)
samsung,session,t0900 − t0700,auc_gap,-0.0591353329653028,-0.0703330525502053,-0.0494766317184813,1367,후보가 유의하게 열위
samsung,session,t0900 − t0700,auc_session,-0.0017246763570293,-0.0103115330809743,0.006396095193606,1367,동률(CI가 0 포함)
sk_hynix,close_to_close,t0900 − t0700,log_loss,-0.1001061776475278,-0.1228026617281215,-0.0790999057265275,1362,후보가 유의하게 우위
sk_hynix,close_to_close,t0900 − t0700,balanced_accuracy,0.0775021626519469,0.0514606880086693,0.1050414243553283,1362,후보가 유의하게 우위
sk_hynix,close_to_close,t0900 − t0700,accuracy,0.0763582966226138,0.0507165655667418,0.1041067198783407,1362,후보가 유의하게 우위
sk_hynix,close_to_close,t0900 − t0700,auc_gap,0.1571771561416598,0.1333602815657943,0.1830808223602738,1362,후보가 유의하게 우위
sk_hynix,close_to_close,t0900 − t0700,auc_session,-0.0066392232863212,-0.031970882727545,0.0176745641389678,1362,동률(CI가 0 포함)
sk_hynix,close_to_close,t0900 − gap_rule,log_loss,-0.026657703576022,-0.0402266959251323,-0.0133974121007466,1362,후보가 유의하게 우위
sk_hynix,close_to_close,t0900 − gap_rule,balanced_accuracy,0.0042306063986912,-0.019829828720239,0.0279796444212349,1362,동률(CI가 0 포함)
sk_hynix,close_to_close,t0900 − gap_rule,accuracy,0.0315712187958884,0.0074217262784993,0.0550185873605947,1362,후보가 유의하게 우위
sk_hynix,close_to_close,t0900 − gap_rule,auc_gap,0.0406673366936198,0.0313815606754275,0.0506864164130168,1362,후보가 유의하게 우위
sk_hynix,close_to_close,t0900 − gap_rule,auc_session,0.017356051925516,0.0033583369546237,0.0322447449548438,1362,후보가 유의하게 우위
sk_hynix,close_to_close,t0700 − gap_rule,log_loss,0.0734484740715057,0.0522490664986909,0.093541277854561,1362,후보가 유의하게 열위
sk_hynix,close_to_close,t0700 − gap_rule,balanced_accuracy,-0.0732715562532557,-0.1038474021648842,-0.0445468420546596,1362,후보가 유의하게 열위
sk_hynix,close_to_close,t0700 − gap_rule,accuracy,-0.0447870778267254,-0.0765860344685269,-0.0145454545454545,1362,후보가 유의하게 열위
sk_hynix,close_to_close,t0700 − gap_rule,auc_gap,-0.1165098194480399,-0.144566431600395,-0.0902133773696326,1362,후보가 유의하게 열위
sk_hynix,close_to_close,t0700 − gap_rule,auc_session,0.0239952752118373,-0.003105460294579,0.0539756183312762,1362,동률(CI가 0 포함)
sk_hynix,close_to_close,t0700 − 사전확률,log_loss,-0.0778326436001866,-0.093368494556912,-0.0627235231046376,1362,후보가 유의하게 우위
sk_hynix,close_to_close,t0700 − 사전확률,balanced_accuracy,0.1318335470334538,0.1102507186132188,0.1529899077626713,1362,후보가 유의하게 우위
sk_hynix,close_to_close,t0700 − 사전확률,accuracy,0.2254038179148311,0.1812907904278463,0.268082456816599,1362,후보가 유의하게 우위
sk_hynix,close_to_close,t0900 − 사전확률,log_loss,-0.1779388212477144,-0.2043745977575611,-0.1529092978476421,1362,후보가 유의하게 우위
sk_hynix,close_to_close,t0900 − 사전확률,balanced_accuracy,0.2093357096854007,0.1862130620349947,0.2326370041324845,1362,후보가 유의하게 우위
sk_hynix,close_to_close,t0900 − 사전확률,accuracy,0.3017621145374449,0.2543583308117921,0.3457961492516336,1362,후보가 유의하게 우위
sk_hynix,close_to_close,gap_rule − 사전확률,log_loss,-0.1512811176716924,-0.1737858022065893,-0.1275482026800802,1362,후보가 유의하게 우위
sk_hynix,close_to_close,gap_rule − 사전확률,balanced_accuracy,0.2051051032867095,0.1760859408186607,0.2333010286348256,1362,후보가 유의하게 우위
sk_hynix,close_to_close,gap_rule − 사전확률,accuracy,0.2701908957415565,0.2288592926348027,0.3110062259225733,1362,후보가 유의하게 우위
sk_hynix,close_to_close,t0700 − 노트북 OOF(재현 확인),log_loss,0.0,0.0,0.0,1362,동률(CI가 0 포함)
sk_hynix,close_to_close,t0700 − 노트북 OOF(재현 확인),balanced_accuracy,0.0,0.0,0.0,1362,동률(CI가 0 포함)
sk_hynix,close_to_close,t0700 − 노트북 OOF(재현 확인),accuracy,0.0,0.0,0.0,1362,동률(CI가 0 포함)
sk_hynix,session,t0900 − t0700,log_loss,-0.0010114606846209,-0.0021828031913395,0.0001738297248297,1362,동률(CI가 0 포함)
sk_hynix,session,t0900 − t0700,balanced_accuracy,-0.0014605857522886,-0.0101943174505135,0.0077853949922222,1362,동률(CI가 0 포함)
sk_hynix,session,t0900 − t0700,accuracy,-0.000734214390602,-0.0096656072977518,0.008721088794926,1362,동률(CI가 0 포함)
sk_hynix,session,t0900 − t0700,auc_gap,0.0045607516484186,-0.0001621087162645,0.0093711995048188,1362,동률(CI가 0 포함)
sk_hynix,session,t0900 − t0700,auc_session,0.0018083395811818,-0.0013671876578191,0.0051064203788506,1362,동률(CI가 0 포함)
