date,ddr5_16gb,ddr4_16gb,ddr4_8gb
2026-09-11,54.333,89.75,45.214
2026-09-12,54.333,89.75,45.214
2026-09-13,54.333,89.75,45.214
2026-09-14,54.333,89.25,45.214
2026-09-15,54.367,89.125,45.839
2026-09-16,54.833,87.625,45.786
2026-09-17,55.233,86.0,46.143
2026-09-18,55.233,86.0,46.143
2026-09-20,56.0,85.75,46.036
2026-09-21,56.933,85.0,46.036
2026-09-22,57.167,84.5,46.036
2026-09-23,57.167,84.5,46.036
2026-09-24,57.667,83.907,45.893
2026-09-25,57.667,83.784,46.107
2026-09-26,57.667,83.784,46.107
2026-09-27,57.667,83.784,46.107
2026-09-28,57.833,83.66,46.214
2026-09-29,57.833,83.66,46.321
2026-09-30,57.9,83.686,46.321
2026-10-01,57.933,83.662,46.321
2026-10-02,58.0,83.588,46.321
2026-10-03,58.0,83.588,46.321
2026-10-04,58.0,83.588,46.321
2026-10-05,58.067,83.588,46.321
2026-10-06,58.167,83.588,46.321
2026-10-07,58.333,83.588,46.357
2026-10-08,58.567,83.64,46.4
