quarter_end,date
2015-03-31,2015-04-07
2015-06-30,2015-07-07
2015-09-30,2015-10-07
2015-12-31,2016-01-08
2016-03-31,2016-04-07
2016-06-30,2016-07-07
2016-09-30,2016-10-07
2016-12-31,2017-01-06
2017-03-31,2017-04-07
2017-06-30,2017-07-07
2017-09-30,2017-10-13
2017-12-31,2018-01-09
2018-03-31,2018-04-06
2018-06-30,2018-07-06
2018-09-30,2018-10-05
2018-12-31,2019-01-08
2019-03-31,2019-04-05
2019-06-30,2019-07-05
2019-09-30,2019-10-08
2019-12-31,2020-01-08
2020-03-31,2020-04-07
2020-06-30,2020-07-07
2020-09-30,2020-10-08
2020-12-31,2021-01-08
2021-03-31,2021-04-07
2021-06-30,2021-07-07
2021-09-30,2021-10-08
2021-12-31,2022-01-07
2022-03-31,2022-04-07
2022-06-30,2022-07-07
2022-09-30,2022-10-07
2022-12-31,2023-01-06
2023-03-31,2023-04-07
2023-06-30,2023-07-07
2023-09-30,2023-10-11
2023-12-31,2024-01-09
2024-03-31,2024-04-05
2024-06-30,2024-07-05
2024-09-30,2024-10-08
2024-12-31,2025-01-08
2025-03-31,2025-04-08
2025-06-30,
2025-09-30,2025-10-14
2025-12-31,
2026-03-31,2026-04-07
2026-06-30,2026-07-30
2026-09-30,2026-10-08
