Date,usdkrw,dxy,jpy,cny,rate_gap,current_account
2000-01-01,,101.71285792759487,105.25999995640346,,,-218.1
2000-02-01,,104.43333326067243,109.45142909458706,,,-324.1
2000-03-01,,105.54347826086956,106.3421740324601,,,275.3
2000-04-01,,106.76473637631065,105.64099998474121,,,-1156.0
2000-05-01,,110.78590878573331,108.12652223006539,,,1535.5
2000-06-01,,107.10590882734819,106.11590957641602,,,2274.4
2000-07-01,,108.27761877150763,107.98857116699219,,,571.5
2000-08-01,,111.1669570259426,107.99391307001528,,,1168.4
2000-09-01,,114.35800018310547,106.81666637602306,,,2133.9
2000-10-01,,116.051363511519,108.36636421897195,,,1210.9
2000-11-01,,116.47590845281428,108.92136417735706,,,934.6
2000-12-01,,112.725,112.20666685558501,,6.704932786093818,1774.5
2001-01-01,,110.12590859153055,116.79782568890116,,6.148669673422524,-672.9
2001-02-01,,111.80549926757813,116.16950035095215,,5.888126321491442,-532.6
2001-03-01,,113.93181818181819,121.3850000554865,,6.510427055462099,1509.4
2001-04-01,,115.50799903869628,123.65523747035435,,7.223774996757507,-847.2
2001-05-01,,116.75363714044744,121.6730432925017,,7.035013635808772,1158.8
2001-06-01,,118.9499998546782,122.36857169015067,8.276800155639648,6.625599997202556,1363.8
2001-07-01,,118.44772720336914,124.44772685657848,8.276814460754395,6.308119046801611,-42.0
2001-08-01,,114.38999972136125,121.30999954887058,8.276969322791466,5.791172728632749,-266.4
2001-09-01,,113.30375051498413,118.69650039672851,8.27685022354126,5.724046665827433,324.6
2001-10-01,,114.21000007961108,121.3247829934825,8.276841878890991,6.08842608368915,223.7
2001-11-01,,116.00772718949752,122.37500034679066,8.276892934526716,6.421653675021547,-123.2
2001-12-01,,116.20500106811524,127.77523840041388,8.276871476854597,6.5062300047874455,69.2
2002-01-01,,117.76363684914328,132.76391269849694,8.276647006764131,6.602201729894199,-713.8
2002-02-01,,118.96650123596191,133.45600051879882,8.276694749530993,6.502614857227809,279.2
2002-03-01,,117.93600044250488,131.1152383713495,8.277061038547092,6.654210001468658,734.6
2002-04-01,,116.88272718949752,130.75954471934926,8.27719988822937,6.779661253850698,-830.7
2002-05-01,,113.37217380689538,126.29521643597147,8.27699057261149,6.577736367745834,623.7
2002-06-01,,109.6504997253418,123.18599929809571,8.277045059204102,6.269949443605211,551.2
2002-07-01,,105.9573918218198,118.0404347958772,8.27678650075739,6.079209092747082,-62.3
2002-08-01,,107.3899997364391,119.00136323408647,8.276718226346103,5.81691601683051,-813.1
2002-09-01,,107.3029998779297,120.79381016322544,8.27264776683989,5.777855000257492,1630.5
2002-10-01,,107.53043531334919,123.8713033924932,8.274668260054154,5.722184189035016,876.4
2002-11-01,,105.67523847307477,121.50238073439826,8.27716182527088,5.396458808751333,705.2
2002-12-01,,104.23285747709728,121.71590943769975,8.277226297478927,5.363980956804185,1085.2
2003-01-01,,100.82762037004743,118.78956537661345,8.27683652531017,5.024738096963792,-2192.9
2003-02-01,,99.85894735235917,119.39199981689453,8.277315892671284,4.7610368414929045,-740.2
2003-03-01,,99.7509522210984,118.68333435058594,8.277229928970337,4.8190285737173895,-143.6
2003-04-01,,99.4047619047619,119.76909117265181,8.277145051956177,4.637525542969311,-1008.2
2003-05-01,,94.43571472167969,117.38454471934925,,4.321530326613806,-51.3
2003-06-01,,93.5414294288272,118.28523799351284,,4.128642855644227,1097.1
2003-07-01,,95.6369569197945,118.63173874564792,,4.5548136364329945,622.2
2003-08-01,,97.22857266380673,118.60238066173736,,4.814252382005964,971.6
2003-09-01,,95.81909040971236,114.92318240079013,,4.346962653580764,3273.5
2003-10-01,,92.07608728823455,109.47956549603006,,4.441729642751189,3555.7
2003-11-01,,91.93789472078022,109.14400062561035,,4.916483333905538,2949.4
2003-12-01,1188.4347879161005,88.40454448353161,107.69130441416864,8.267010889555278,5.005909091776068,2975.0
2004-01-01,1177.4318181818182,86.44142841157459,106.42590886896306,8.266981215704055,5.008736664454142,2123.4
2004-02-01,1161.7250061035156,86.34749870300293,106.61149940490722,8.267125558853149,5.025642106658534,1206.6
2004-03-01,1170.278267238451,88.45782570216967,108.52217433763587,8.26705667246943,4.873560869797417,1897.7
2004-04-01,1156.1136308149858,89.83619072323754,107.62727217240767,8.265915203094483,4.8177380958284655,543.8
2004-05-01,1173.6190534319196,90.54899940490722,112.03380948021298,8.267068762528268,4.68497815709365,4340.6
2004-06-01,1157.4000077681108,89.15500016645952,109.37909108942205,8.266656875610352,4.542245458668961,1887.3
2004-07-01,1157.895457874645,88.33636370572177,109.43545497547497,8.266736203973943,4.4339372279840115,2132.6
2004-08-01,1156.2454612038352,88.87590928511186,110.23227275501598,8.266799926757812,3.9007999988035724,1642.2
2004-09-01,1147.6136474609375,88.65545515580611,110.04727276888761,8.266649723052979,3.725370677073199,4145.7
2004-10-01,1127.4449951171875,86.87809426443917,108.93250007629395,8.267010370890299,3.6383857184364685,2178.8
2004-11-01,1073.595458984375,83.598182331432,104.70227328213778,8.266501426696777,3.54164026099366,4144.7
2004-12-01,1046.708692467731,81.56913027556047,103.71913113801375,8.266936136328656,3.4312964443350027,3046.5
2005-01-01,1032.4976312546503,83.11190468924386,103.21523829868862,8.266501426696777,3.9982076227097285,1398.0
2005-02-01,1022.0345123291015,83.72349967956544,104.98600044250489,8.266501426696777,4.464289471726668,752.4
2005-03-01,1007.2473940641984,82.83636335893111,105.33130413552989,8.267366492229959,4.3236818183552135,1315.6
2005-04-01,1008.6138102213541,84.26714288620721,107.18142881847564,8.266501426696777,4.251495234716506,-1734.7
2005-05-01,1000.9090909090909,85.62809499104817,106.70727261629972,8.267405813390559,4.007690479641869,546.1
2005-06-01,1012.6318220658736,88.44227253306995,108.71045476740056,8.266501426696777,4.05727575786186,958.6
2005-07-01,1036.4247552780878,89.69666617257255,111.95619056338356,8.218877201988583,4.476574521291823,622.0
2005-08-01,1019.608690344769,87.94086987039317,110.59347865892494,8.091678536456564,4.652209883678572,973.5
2005-09-01,1025.7571469261534,88.08000001453217,111.18142881847564,8.077081853693182,4.729257134937105,724.6
2005-10-01,1040.3823765345983,89.72190420968192,114.90333375476655,8.073947679428827,4.918240000247955,3014.9
2005-11-01,1032.0863619717684,91.49190557570685,118.46863659945402,8.077595624056729,5.230241356979717,1866.3
2005-12-01,1009.5640980113636,90.91619037446522,118.4145455793901,8.072000070051713,5.152595671286315,1771.3
2006-01-01,969.544999556108,89.03099975585937,115.59750019420277,8.0634502064098,5.137035241013481,-78.3
2006-02-01,957.7434997558594,90.3526322214227,117.86700019836425,8.049795055389405,4.824715791802657,-3245.1
2006-03-01,959.5943444293479,89.96695642885955,117.32217374055281,8.030160986858865,4.947769561435865,-1625.1
2006-04-01,939.2570037841797,88.409473619963,116.96300086975097,8.004960107803345,4.951963157252261,-3428.9
2006-05-01,929.945216966712,84.85727240822531,111.85543524700662,8.004247810529625,4.691809094168923,-43.8
2006-06-01,941.5,85.76590902155095,114.6245450106534,7.997258988293734,4.736815585161184,2189.9
2006-07-01,937.3442876906622,85.8930004119873,115.69214339483352,7.9798428898765925,4.651755001544952,-698.4
2006-08-01,947.0986938476562,85.04521743110989,115.96217412533967,7.963621699291727,4.449452969170371,-1540.5
2006-09-01,939.3652430943081,85.60449981689453,117.14118993849982,7.923233350118001,4.416515242939904,3088.4
2006-10-01,939.4272738370029,86.34272592717952,118.59909057617188,7.892599951137196,4.321748621517554,2688.4
2006-11-01,923.5618175159801,84.84454553777522,117.23636349764737,7.853336355902932,4.446135501159734,4455.8
2006-12-01,911.4595220656622,83.35550041198731,117.39785730271112,7.811795280093238,4.497965001106262,332.4
2007-01-01,925.3982570482337,84.78047579810733,120.36217498779297,7.7803652390189795,4.5657781809026545,214.1
2007-02-01,922.022998046875,84.40631585372121,120.42149963378907,7.741814994812012,4.535189475009316,-729.0
2007-03-01,927.1922718394886,83.48409063165838,117.27818228981711,7.728300007906827,4.483614719915185,-1160.4
2007-04-01,923.8685680571057,82.14999961853027,118.91390555245536,7.714895203000023,4.604422141483852,-2240.6
2007-05-01,923.5765062415081,82.10999991677024,120.81560848070228,7.666330420452615,4.741763205301194,-2295.3
2007-06-01,928.9261794317337,82.46619015648251,122.6278577532087,7.6213333266122,4.969628571646554,1581.5
2007-07-01,917.2590886896306,80.77857099260602,121.39040964299983,7.564972725781527,5.023561904089791,2569.3
2007-08-01,934.2734799592391,80.93478260869566,116.73826068380605,7.563121712726096,4.949800794510973,2223.4
2007-09-01,926.8415752210116,79.30210515072471,115.07736928839432,7.513209986686706,5.069393502226555,4312.6
2007-10-01,912.6565233313519,77.84782575524372,115.8814345650051,7.4920477867126465,5.110714232101742,1914.3
2007-11-01,917.2028576078869,75.66904740106492,111.06619117373512,7.4110682010650635,5.194778789813384,3260.2
2007-12-01,929.0860015869141,76.76400032043458,112.41250076293946,7.361547629038493,5.410849999189377,822.4
2008-01-01,941.3495722231658,75.90428597586495,107.82778333581012,7.233686903248662,5.1909796529621275,-688.7
2008-02-01,942.9252377464658,75.67050018310547,107.06680951799665,7.156371411823091,4.903972225321663,-2235.2
2008-03-01,978.8442818777902,72.45350036621093,100.71095239548455,7.063085737682524,5.010820001363754,972.5
2008-04-01,986.3690447126116,72.11681851473722,102.99938165573846,6.98960000818426,4.8059614703355935,-2386.5
2008-05-01,1035.7999965122767,72.91238076346261,104.50071461995442,6.963672767985951,5.1127142860775905,-1737.8
2008-06-01,1030.1809547061011,73.17952364966983,106.85700007847377,6.8882809820629305,5.485657143547422,-1143.0
2008-07-01,1014.0709145285866,72.53727236661044,106.99731826782227,6.827021764672321,5.629535174284999,-2261.7
2008-08-01,1085.0175170898438,76.0614278884161,109.50599975585938,6.8522420933372095,5.518485716274807,-3845.0
2008-09-01,1132.2668124112215,78.26428513299851,106.55218228426847,6.8245909214019775,5.617733333905538,1469.0
2008-10-01,1321.6391283118207,83.11173944887908,100.66908662215523,6.82212611903315,5.156095256353084,3904.5
2008-11-01,1400.5950073242188,86.43210561651932,96.74710083007812,6.816980028152466,5.375347366333008,2761.1
2008-12-01,1360.9434761379075,83.10499988902698,91.79717320981233,6.843021786731223,4.627377272735942,6943.8
2009-01-01,1348.7500055486505,84.12249946594238,90.38377380371094,6.82524544542486,4.168100790036352,175.8
2009-02-01,1438.6399963378906,86.55263198049445,92.75275001525878,6.826044988632202,4.952457894776996,5013.0
2009-03-01,1448.4954556551847,86.45818224820223,97.77895389903675,6.8265954797918145,4.692890910452062,5786.0
2009-04-01,1330.4636507901278,85.25142887660435,98.91936423561789,6.821977246891368,4.611085280649589,3139.2
2009-05-01,1252.9047560918898,82.16100006103515,96.52938079833984,6.814057145799909,4.719921053585254,2329.4
2009-06-01,1262.3363647460938,80.09318161010742,96.7050455266779,6.82471362027255,4.8842590867389335,4064.7
2009-07-01,1261.2956436820652,79.48909065940164,94.41221751337466,6.822504396023958,4.829402568632435,1987.7
2009-08-01,1236.066662016369,78.44857134137835,94.84861900692894,6.822652408054897,5.085890476817177,1169.6
2009-09-01,1206.80908203125,77.0076192220052,91.37240878018466,6.818404522809115,5.0370969694517385,2197.6
2009-10-01,1172.4272793856535,76.01181827891956,90.32600021362305,6.816900036551735,5.109068832087827,2512.2
2009-11-01,1161.0952322823662,75.33699989318848,89.02895318894159,6.817714282444546,5.051893571104322,3013.8
2009-12-01,1161.5347741168478,76.78999987515536,90.0106957477072,6.819427273490212,4.951895455663854,1698.6
2010-01-01,1136.1619059244792,77.840526380037,91.20809500558036,6.817064929008484,4.98239473187296,-1776.4
2010-02-01,1154.775,80.15578942549855,90.20310020446777,6.819179964065552,4.929968420329846,-322.4
2010-03-01,1135.2782619310462,80.67130445397419,90.71113055685292,6.816595658012059,4.546710275717874,917.1
2010-04-01,1113.3590864701705,81.23285747709728,93.46109078147195,6.816077254035256,4.523975758284202,796.9
2010-05-01,1162.9476260230654,85.3615005493164,91.8394768124535,6.8175190062749955,4.609777634583022,6650.4
2010-06-01,1214.8363647460938,86.5750004161488,90.80272778597745,6.80886814811013,4.615361904189701,3751.1
2010-07-01,1202.581825949929,83.07047562372117,87.52968181263317,6.766609105196866,4.609236798389649,3549.3
2010-08-01,1178.718172940341,82.14909120039506,85.4502726468173,6.77602726762945,4.407509090900421,3758.1
2010-09-01,1163.8090875799005,81.08333297002883,84.42213648015803,6.738086331974376,4.016280949910482,4207.4
2010-10-01,1121.1761823381696,77.45999944777716,81.96199943905785,6.659214337666829,3.8538180992149167,4265.4
2010-11-01,1127.2818104137075,78.37571461995442,82.41559045965022,6.643354524265636,4.209798268198451,3897.5
2010-12-01,1144.6652088994565,80.04909133911133,83.35482622229534,6.642091315725575,4.131094072307994,-1743.9
2011-01-01,1116.300013950893,79.146000289917,82.57147616431827,6.587019034794399,4.357410714285714,-3159.6
2011-02-01,1116.585009765625,77.78263172350432,82.58305053710937,6.568179965019226,4.407649228034004,1344.9
2011-03-01,1120.5521824048913,76.28956604003906,81.64582625679348,6.556552182073179,4.170737552077403,-2438.3
2011-04-01,1083.6100036621094,74.72449989318848,83.27780036926269,6.5197700500488285,4.138624761218117,-2545.2
2011-05-01,1082.886346990412,74.94142841157459,81.16422687877308,6.492427262392911,4.022666666439601,-1247.2
2011-06-01,1079.5727317116477,74.6936361139471,80.49881848421964,6.472518162293867,3.9437116892306836,1321.8
2011-07-01,1056.2952415829614,74.75699958801269,79.46142905099052,6.427566687266032,3.9317288094475162,3938.8
2011-08-01,1070.5739109205163,74.23652184527853,77.1129561714504,6.3992695808410645,3.732265612391144,4470.5
2011-09-01,1115.5909201882102,76.990476335798,76.84586403586648,6.38631814176386,3.5576095238867262,2996.3
2011-10-01,1152.2523890904017,77.15428524925595,76.61580984933036,6.368823800768171,3.6422523801667346,3572.4
2011-11-01,1131.9136463512075,77.89142899286179,77.55909104780717,6.347786318172108,3.6021939400160985,6645.7
2011-12-01,1146.1272638494318,79.61142803373791,77.87559058449484,6.344322746450251,3.61442554115733,1738.1
2012-01-01,1142.3227206143465,80.2680004119873,76.96163628318094,6.309622699564153,3.6010949997901913,-2288.0
2012-02-01,1121.5190371558779,78.93149948120117,78.37738146100726,6.300404753003802,3.618460713284356,-2584.0
2012-03-01,1122.8045432350852,79.53681807084517,82.45722718672319,6.312172781337392,3.736262770545431,3580.0
2012-04-01,1132.9428536551338,79.40150032043456,81.40880984351749,6.303019069489979,3.6946649998426437,-144.8
2012-05-01,1153.908686098845,80.92545491998845,79.77821681810462,6.31644348476244,3.5700476201530145,5015.8
2012-06-01,1161.4290422712054,82.22047714960007,79.28866613478888,6.364047618139358,3.469647618271056,6069.3
2012-07-01,1137.9318126331675,83.06761896042596,79.03390815041281,6.371672717007724,3.1450857143175033,8375.5
2012-08-01,1127.1043382727582,82.16000034498131,78.66547858196756,6.360578308934751,2.9212644267364922,1618.0
2012-09-01,1122.1450134277343,79.8142109921104,78.17174949645997,6.324150037765503,2.8747263154983522,6484.3
2012-10-01,1103.3391272503397,79.70809500558036,78.93417391569719,6.274878253107485,2.802647619360969,7287.6
2012-11-01,1084.013633034446,80.68523842947823,80.94004544344816,6.236540946093473,2.827101732714352,8187.5
2012-12-01,1070.864990234375,79.75849990844726,83.76338050478981,6.234776247115362,2.9642818417047203,7189.4
2013-01-01,1061.2000068996263,79.87333279564267,88.91804338538128,6.223295626432999,2.8619090900689494,2752.4
2013-02-01,1082.0950134277343,80.60526315789474,93.1216007232666,6.232625031471253,2.8469421056697244,2212.5
2013-03-01,1098.4618966238838,82.6254997253418,94.77909633091518,6.220004808335077,2.714950000166893,6740.2
2013-04-01,1115.6863625266335,82.52500048550692,97.66218185424805,6.188986344770952,2.6646090932325883,5039.9
2013-05-01,1104.9739087975543,83.2136362249201,100.82286967401919,6.134887011154838,2.705814501501265,9608.2
2013-06-01,1128.2484924316407,81.85049972534179,97.49359931945801,6.1324989080429075,3.08425289524229,6824.8
2013-07-01,1123.8565355383832,82.7895462729714,99.66813095756198,6.124547833981722,3.2094960472140857,6964.6
2013-08-01,1115.8999966708097,81.48181776566939,97.7483173717152,6.112081831151789,3.3379069267103683,6389.3
2013-09-01,1084.2809419177827,81.15949897766113,99.2135238647461,6.110242820921398,3.250475553009245,7847.7
2013-10-01,1064.8886163884943,79.86652175239895,97.9149100563743,6.0943545211445205,3.177645136001934,10724.0
2013-11-01,1058.5857107979912,80.84400024414063,99.93471381777809,6.083299977438791,3.3131500020027156,5891.6
2013-12-01,1055.6295443448153,80.30666605631511,103.48713580044833,6.066063642501831,3.3633238067172826,6263.7
2014-01-01,1063.732612941576,80.8095241728283,104.03330496083136,6.041313026262366,3.3622857168288465,1837.7
2014-02-01,1070.8175048828125,80.4573685495477,102.12485084533691,6.067030072212219,3.2526236834475872,4812.5
2014-03-01,1069.9371570405506,79.87047685895648,102.25233350481305,6.16081900823684,3.271809524036589,6182.8
2014-04-01,1043.2527077414773,79.85333360944476,102.55118214000355,6.212518150156194,3.2709168833076183,6875.5
2014-05-01,1023.8845353560014,79.9490472702753,101.83577277443625,6.229154543443159,3.1469769432096557,9148.3
2014-06-01,1019.0561901274182,80.442382085891,102.07004874093192,6.223399957021077,3.0263218056193573,7768.8
2014-07-01,1019.1339111328125,80.54772637107156,101.66969564686651,6.190391291742739,2.802956521348991,6198.8
2014-08-01,1024.760942731585,81.86380949474517,102.93666621616909,6.145695209503174,2.8450309483210248,6793.9
2014-09-01,1029.4272682883523,84.45904795328777,107.15840981223367,6.129168141971935,2.7592624077044032,7418.7
2014-10-01,1058.7234735903533,85.67043470299762,107.93921827233356,6.116608723350193,2.5399314708334564,8604.5
2014-11-01,1094.2150024414063,87.72842085988898,116.12325096130371,6.11447503566742,2.459821054428502,10582.7
2014-12-01,1102.449998938519,89.1568173495206,119.40178315535836,6.178778275199559,2.4604727281223644,6805.4
2015-01-01,1087.595458984375,92.9770004272461,118.41086335615678,6.205977266485041,2.227264047242346,7076.0
2015-02-01,1100.2324951171875,94.45789337158203,118.61110000610351,6.241064953804016,2.1488340564955126,6136.4
2015-03-01,1110.9309137517755,97.87818249789152,120.3465909090909,6.232450008392334,2.0719636374386874,9761.5
2015-04-01,1085.8340897993608,97.59190477643695,119.52054526589133,6.191895398226651,1.984335929119226,7221.6
2015-05-01,1090.1923886253721,95.1920009613037,120.60300009591239,6.193728583199637,2.271153331120809,7958.8
2015-06-01,1111.0995427911932,95.17000024968928,123.73363598910245,6.195704546841708,2.2323545465469357,11546.2
2015-07-01,1143.009569251019,96.96227299083363,123.26391269849694,6.198269595270571,2.2189075115546877,9367.2
2015-08-01,1175.6799897693452,96.37809499104817,123.15742928641183,6.321180933997745,2.092073809169588,8119.4
2015-09-01,1184.4713634144175,95.75809515090216,120.19268105246805,6.359518181193959,1.99893095320747,10600.3
2015-10-01,1144.915899103338,95.71409086747603,120.08345447887073,6.341613639484752,1.8822722914549181,9561.0
2015-11-01,1150.9761904761904,99.03300056457519,122.48642876034691,6.357476234436035,2.0272769051052277,9727.7
2015-12-01,1171.0308731742527,98.33409049294211,121.72034719715948,6.440265261608621,1.9566772763078863,8042.5
2016-01-01,1199.5761776878721,99.02300033569335,118.24190557570685,6.55637146177746,1.8176789460081801,7317.4
2016-02-01,1212.8518938337054,97.09550018310547,115.06671360560826,6.540314242953346,1.6480222218169107,7927.5
2016-03-01,1184.3800048828125,96.25954506613992,112.92456552256708,6.500495661859927,1.6653909087397833,11122.8
2016-04-01,1144.3095238095239,94.403809320359,109.83695148286365,6.466157141185942,1.6297357139769055,4184.3
2016-05-01,1172.2631724964488,94.52190471830822,108.81204570423473,6.516249960119074,1.6071880957149327,10491.0
2016-06-01,1164.9268188476562,94.67227207530628,105.71845349398527,6.578818212855946,1.4526054115068345,12409.7
2016-07-01,1141.595714750744,96.57250061035157,104.07642836797805,6.67363334837414,1.2511049995422363,8831.8
2016-08-01,1109.3825948963995,95.38000023883322,101.26717310366423,6.646199952001157,1.2617209494707615,5410.1
2016-09-01,1108.2159035422585,95.46523757207962,101.89486382224344,6.671045455065641,1.3491335836783387,7517.5
2016-10-01,1124.8890497116815,97.73899917602539,103.69295247395833,6.7252333504813055,1.420590476658231,7476.8
2016-11-01,1161.617725719105,99.7055004119873,108.19004613702947,6.83400448885831,1.7510336350094189,7873.3
2016-12-01,1182.662725275213,102.01333254859561,116.00390833074397,6.915836399251765,1.9107974017708846,7361.5
2017-01-01,1182.0504649769175,101.12199974060059,115.02686344493519,6.894768108021129,1.8687700010299686,3401.7
2017-02-01,1141.2954833984375,100.69105329011616,113.06555061340332,6.874494957923889,1.9216078944858752,7438.6
2017-03-01,1133.1069601307745,100.75912973155145,112.97691378386125,6.890969545944877,1.9732774708450078,5140.3
2017-04-01,1132.3119995117188,100.04526278847142,110.04494934082031,6.883634996414185,1.9531868424064236,3184.0
2017-05-01,1125.6356572690217,98.26863653009588,112.2127393639606,6.88717390143353,2.027175595719278,4262.1
2017-06-01,1129.3704445578835,96.94863683527166,110.8734543540261,6.808781797235662,1.9466768389511935,7008.9
2017-07-01,1132.6250061035157,94.8610008239746,112.35410041809082,6.768529987335205,2.0210759527910325,7467.4
2017-08-01,1129.8617421025815,93.17608642578125,109.8294793833857,6.672647849373195,2.0657996075709346,6139.4
2017-09-01,1131.7100016276042,92.32400054931641,110.7239997500465,6.568804786318824,2.0661883307298026,12337.7
2017-10-01,1133.46044921875,93.71954484419389,112.90063580599698,6.6282454837452285,2.2196511389558964,6890.0
2017-11-01,1102.2471458798364,93.9971440633138,112.88185773577008,6.623128573099772,2.304726839309131,7474.3
2017-12-01,1083.7357003348213,93.38800010681152,112.97095235188802,6.597328549339657,2.2317500026702883,4486.5
2018-01-01,1065.7652163298233,90.74476187569755,111.14839139192,6.438082591347072,2.3677095229739233,2556.9
2018-02-01,1077.7295043945312,89.73052617123253,107.96650009155273,6.319825005531311,2.4840584775244285,3226.7
2018-03-01,1071.1222811612215,89.87619127546039,106.06068177656694,6.322504542090676,2.4233380958466304,5210.4
2018-04-01,1067.5604829334077,90.2933327811105,107.46604810442243,6.295628547668457,2.368342855044774,1490.4
2018-05-01,1075.1704420006793,93.29954598166726,109.69347812818444,6.368060920549476,2.4591409096024255,8792.3
2018-06-01,1093.0138113839287,94.37714276994977,110.0316183907645,6.456771419161842,2.3641977436978716,7980.1
2018-07-01,1121.465010209517,94.59761919294085,111.38686405528675,6.706213625994596,2.2601484869919815,8874.4
2018-08-01,1120.1256475033967,95.48173954175866,111.04086933965269,6.845891309821087,2.168996046186907,8581.2
2018-09-01,1120.3930114746095,94.73947464792352,111.88080101013183,6.853105044364929,2.014585138515791,11235.5
2018-10-01,1131.0739109205163,95.85260938561481,112.79113072934358,6.914656473242718,2.0226511426969096,9473.6
2018-11-01,1127.2340864701705,96.76142883300781,113.28613662719727,6.938090931285512,1.8975471864469124,5130.6
2018-12-01,1122.182861328125,96.87578984310753,112.29442923409599,6.889190492175874,1.7090473664735493,4914.4
2019-01-01,1120.3026229194973,95.93761880057198,108.92682614533797,6.798756516498068,1.7204987039235764,2894.7
2019-02-01,1121.0520141601562,96.45842100444592,110.32680015563965,6.738525032997131,1.7202656361104536,3308.2
2019-03-01,1130.700950985863,96.78285689581008,111.16681017194476,6.711490517570859,1.6962142861139207,4347.0
2019-04-01,1140.1972711736505,97.35857173374721,111.65118200128728,6.714427254416726,1.6363181824085515,-527.4
2019-05-01,1180.6090975674715,97.74181782115589,110.03868241743608,6.8445681875402276,1.5887088778834324,4983.2
2019-06-01,1172.5094970703126,96.80450057983398,108.08679962158203,6.899684977531433,1.410915262147,6166.1
2019-07-01,1174.5882621433425,97.36590922962536,108.23056494671366,6.876665239748747,1.3001268781465976,6957.2
2019-08-01,1208.2722778320312,98.00454503839666,106.25004577636719,7.050036343661222,1.091817748362884,4983.5
2019-09-01,1194.4380987258185,98.59999961853028,107.42657143729073,7.117304756527855,1.2504444744900653,8014.3
2019-10-01,1183.344774329144,98.1730436242145,108.1239998858908,7.099378233370573,1.4068076604513402,8035.8
2019-11-01,1167.0033249627977,98.06499977111817,108.82671392531623,7.0227350234985355,1.5686359513033006,5876.6
2019-12-01,1172.771817294034,97.37666684105282,109.1644103310325,7.015359076586637,1.4664238103230793,4636.9
2020-01-01,1163.9347826086957,97.43619028727214,109.24304298732592,6.925543453382409,1.4808666662851968,434.3
2020-02-01,1193.281005859375,98.84315852115029,110.0249008178711,6.995414972305298,1.3899368413824784,6753.5
2020-03-01,1215.1695334694602,98.8350004716353,107.55068310824308,7.021045446395874,1.3986681819937445,5906.9
2020-04-01,1221.491826837713,99.91285705566406,107.817908893932,7.071004520763051,1.4391809527601513,-4697.5
2020-05-01,1227.3157145182292,99.55300025939941,107.21990421840123,7.09999045871553,1.3267452628455665,2078.1
2020-06-01,1207.8881780450995,97.08772798018022,107.59527206420898,7.085359031503851,1.3201000000780279,6967.5
2020-07-01,1197.900003184443,95.51409114490856,106.81391309655231,7.0097391294396445,1.2986719363904282,7304.6
2020-08-01,1185.9595191592261,93.0442857288179,106.03023819696335,6.932857195536296,1.30822380942163,6539.2
2020-09-01,1177.7059104225852,93.43714287167504,105.62836282903498,6.81435454975475,1.4330809523491632,10847.1
2020-10-01,1144.4104669744318,93.40636340054598,105.25790890780362,6.730809103358876,1.4295791867480894,12439.9
2020-11-01,1115.3604620070685,92.6195011138916,104.4163331531343,6.60752855028425,1.523345952056703,9664.9
2020-12-01,1094.4721785835598,90.51272721724077,103.79569576097572,6.541334794915241,1.5819090911041607,12264.9
2021-01-01,1096.5547514415923,90.22631554854543,103.66004762195405,6.476371469951811,1.6243078943603917,5745.1
2021-02-01,1110.1339965820312,90.65157880281147,105.29344902038574,6.459029960632324,1.7201643266622084,6698.6
2021-03-01,1129.1325948963995,92.00913039497708,108.57465229863706,6.506078263987666,1.879342688650953,7255.4
2021-04-01,1117.709999778054,91.58761887323288,109.09022764726119,6.521759098226374,1.878754978018922,-493.4
2021-05-01,1122.3866722470239,90.31799964904785,109.1615233648391,6.433538073585147,1.96911921130356,11856.8
2021-06-01,1120.9936356977983,91.03909128362483,110.1034989790483,6.4205545295368545,1.951795454740524,9930.8
2021-07-01,1143.0345458984375,92.52285802932013,110.28895395452327,6.4750272360715,1.8454298707066161,7324.3
2021-08-01,1159.4245494495738,92.7999995838512,109.83345413208008,6.475913611325351,1.7767374457270553,6671.5
2021-09-01,1171.146367853338,92.99238041469029,110.1174087524414,6.456763657656583,1.923986215175543,9308.2
2021-10-01,1181.8590611049108,93.95142800467355,113.07857150123233,6.420942851475307,2.2410177942409852,7357.7
2021-11-01,1184.7545387961648,95.27095140729632,114.15209093960848,6.3905909711664375,2.199429004846713,6534.6
2021-12-01,1183.4804422129755,96.19000001387163,113.85400092083475,6.368195678876794,2.0409005933665476,5689.5
2022-01-01,1194.6919119698662,95.96649971008301,114.87780943371001,6.352561927977062,2.316209999871254,1646.4
2022-02-01,1197.9424926757813,95.9968426353053,115.21955032348633,6.344334983825684,2.496271345626541,5263.3
2022-03-01,1219.6352220618207,98.46695676057234,118.48600006103516,6.342673923658288,2.570948653448196,7131.1
2022-04-01,1234.4080926804315,100.70849990844727,126.08423759823754,6.418195224943615,2.9444754757994693,-539.6
2022-05-01,1266.8390891335227,103.16761888776507,128.8650457208807,6.694413618607954,3.005233333178929,4202.3
2022-06-01,1276.1818237304688,103.8442862374442,133.85690862482244,6.6940273154865615,3.3263976203010195,5972.9
2022-07-01,1305.6152401878721,107.03350028991699,136.7393798828125,6.731390476226807,3.0105392855235507,1619.8
2022-08-01,1319.222603175951,107.1495653235394,135.0917391569718,6.793682554493779,3.031933204624493,-4363.0
2022-09-01,1390.6036543412642,110.74333336239769,142.95354600386187,7.005972732197154,3.5456690468379435,1810.1
2022-10-01,1426.6133393787202,111.94142804827008,146.9229031517392,7.182876155489967,3.869708523174276,472.9
2022-11-01,1359.8031893643465,108.14000047956195,142.54354511607778,7.18129994652488,3.5265315989250743,-1842.5
2022-12-01,1294.2686379172585,104.5028566632952,135.12318073619497,6.980081839994951,3.1788701298247166,1864.7
2023-01-01,1244.0736361416903,102.71199913024903,130.28650110418147,6.797468185424805,3.0572949993133545,-9056.0
2023-02-01,1274.0454833984375,103.66000004818565,132.84025115966796,6.8301150560379025,3.0748842109780563,-1859.9
2023-03-01,1305.2060865319293,103.76739137069039,133.820696623429,6.894539128179136,3.0810845849221877,-1213.5
2023-04-01,1320.443994140625,101.764209948088,133.23144989013673,6.885164952278137,2.972392105082462,-2891.1
2023-05-01,1328.405666185462,102.70136295665394,137.09295720639437,6.9793261237766435,3.044645454779538,2023.6
2023-06-01,1295.409540349787,103.11190432593936,141.13082053444603,7.155690908432007,3.236471427508763,3923.7
2023-07-01,1284.4285656156994,101.32749938964844,141.04361906505767,7.189276127588181,3.291595235234215,3715.3
2023-08-01,1320.313911769701,103.09652179220448,144.71874071204144,7.228504305300505,3.4432565183224884,6232.9
2023-09-01,1332.5523739769346,105.33149948120118,147.65076192220053,7.283366634732201,3.5109913159420616,7548.7
2023-10-01,1349.0295354669745,106.35318235917525,149.46413629705256,7.267072720961138,3.792204548402266,8417.3
2023-11-01,1306.6709095348012,104.52809506370907,149.89131719415838,7.2100454677235,3.4390692622527412,6721.2
2023-12-01,1299.6195242745537,102.6830005645752,144.1021430605934,7.1227618626185825,3.012425002765655,8968.0
2024-01-01,1322.3034880264945,102.97476196289062,145.79960964037025,7.101852168207583,2.947619480855537,3511.9
2024-02-01,1331.3557187034971,104.10450096130371,149.47095307849702,7.156628540584019,3.0075142094963474,6802.1
2024-03-01,1330.6004871186756,103.62400093078614,149.6836184547061,7.1994000389462425,2.968690001487732,7826.8
2024-04-01,1366.8004538796165,105.41181876442649,153.61763555353338,7.235649997537786,3.1127872340668845,773.8
2024-05-01,1363.4543616253397,104.96500084616922,155.89695607060972,7.231908673825472,3.078504549043829,9277.4
2024-06-01,1379.6880004882812,105.16684281198602,157.77294921875,7.251610016822815,2.9063315818184297,13431.5
2024-07-01,1381.9560918393342,104.61045455932617,158.06465281610903,7.262000000995139,2.74669525676094,9022.6
2024-08-01,1351.0327314897017,102.21272693980823,146.3386362249201,7.152240926569158,2.612435279538621,5899.8
2024-09-01,1330.6985851469494,101.0185001373291,143.30804661342077,7.080980959392729,2.639257221592797,11368.5
2024-10-01,1357.8756528108017,103.31130450704823,149.57130432128906,7.085821752962858,2.6609086963238924,9861.5
2024-11-01,1391.837146577381,105.84349975585937,153.61757187616257,7.201747576395671,2.5706578493799483,9456.6
2024-12-01,1434.6663651899858,107.18999989827473,153.72209098122337,7.2783681912855664,2.331952379680815,12741.0
2025-01-01,1449.004999334162,108.60904729933966,156.59527241099966,7.292813669551503,2.3583511132664152,2678.0
2025-02-01,1442.9920043945312,107.35315744500411,151.76824874877929,7.261449980735779,2.3852868387121906,7225.2
2025-03-01,1455.057628813244,104.18714287167504,149.12766738164993,7.2512380963280085,2.366723813193185,9583.2
2025-04-01,1443.0365051269532,100.71761866978237,144.70109939575195,7.295655012130737,2.2305679650864043,4510.6
2025-05-01,1392.0831853693182,100.08318120783025,144.7697746970437,7.221181826158003,2.266960402691872,9906.7
2025-06-01,1364.3547537667412,98.36100006103516,144.44938151041666,7.185714358375186,2.404065525381189,13968.5
2025-07-01,1375.7473887567935,98.00272820212625,146.7514356530231,7.1704391396563985,2.401394266954053,11945.1
2025-08-01,1388.3028622581846,98.23999968029204,147.62266613188245,7.177061943780808,2.3887452395666218,9848.0
2025-09-01,1391.5040782581675,97.68571472167969,147.8685004494407,7.1242500001733955,2.4379735964159948,14220.3
2025-10-01,1421.0399966032608,98.7652176566746,151.27856378969938,7.117634793986445,2.5275381650970754,7567.6
2025-11-01,1456.695001220703,99.74736906352796,155.12539978027343,7.111269950866699,2.8392210521597607,12898.0
2025-12-01,1465.4040971235795,98.54272738370028,155.8813615278764,7.0486954992467705,2.9514954499331387,18702.6
2026-01-01,1453.384765625,98.20899925231933,156.7615712483724,6.972552390325637,3.064627861091069,13259.1
2026-02-01,1446.6340026855469,97.45526323820415,155.01979904174806,6.912190008163452,3.2000817344889922,23192.7
2026-03-01,1485.0518132990057,99.48227275501598,158.62386252663353,6.893395467237993,3.3033296545119515,37928.4
2026-04-01,1484.4254538796165,98.72523898170108,159.2574095292525,6.8401454362002285,3.3054510830140216,28292.3
2026-05-01,1487.57666015625,98.71650009155273,158.12628464471726,6.802404698871431,3.6268611154026456,38607.4
2026-06-01,1528.0945490056818,100.29476202101935,160.67277388139203,6.7726499384099785,3.734490476426625,49730.4
2026-07-01,1491.7747802734375,100.95954617587003,162.53000076957372,6.778295641360075,3.826845457077026,42078.0
2026-08-01,1405.6209542410713,99.50380961100261,158.81495448521204,6.737728527614048,3.8176333380381267,
2026-09-01,1352.3241780598958,99.23369903564453,155.76799901326498,6.713554512370717,3.9527027313926,
