month,us10y,jp10y,usdjpy,rate_gap
1962-01-01,4.083181818181818,,,
1962-02-01,4.039444444444444,,,
1962-03-01,3.930454545454545,,,
1962-04-01,3.843,,,
1962-05-01,3.873636363636364,,,
1962-06-01,3.909047619047619,,,
1962-07-01,4.014285714285714,,,
1962-08-01,3.9756521739130433,,,
1962-09-01,3.978947368421052,,,
1962-10-01,3.925454545454545,,,
1962-11-01,3.91578947368421,,,
1962-12-01,3.864500000000001,,,
1963-01-01,3.833636363636364,,,
1963-02-01,3.921111111111111,,,
1963-03-01,3.928571428571429,,,
1963-04-01,3.970952380952381,,,
1963-05-01,3.93,,,
1963-06-01,3.993,,,
1963-07-01,4.0204545454545455,,,
1963-08-01,4.002272727272727,,,
1963-09-01,4.0775,,,
1963-10-01,4.106086956521739,,,
1963-11-01,4.121764705882353,,,
1963-12-01,4.128571428571429,,,
1964-01-01,4.166818181818182,,,
1964-02-01,4.145555555555556,,,
1964-03-01,4.2195238095238095,,,
1964-04-01,4.232272727272727,,,
1964-05-01,4.2,,,
1964-06-01,4.170000000000001,,,
1964-07-01,4.185909090909092,,,
1964-08-01,4.1938095238095245,,,
1964-09-01,4.203809523809523,,,
1964-10-01,4.188095238095238,,,
1964-11-01,4.152777777777778,,,
1964-12-01,4.179545454545455,,,
1965-01-01,4.189500000000001,,,
1965-02-01,4.211111111111111,,,
1965-03-01,4.210434782608695,,,
1965-04-01,4.203809523809523,,,
1965-05-01,4.2115,,,
1965-06-01,4.213181818181819,,,
1965-07-01,4.204761904761905,,,
1965-08-01,4.252272727272727,,,
1965-09-01,4.29047619047619,,,
1965-10-01,4.3495,,,
1965-11-01,4.448947368421052,,,
1965-12-01,4.615454545454546,,,
1966-01-01,4.612380952380953,,,
1966-02-01,4.832105263157895,,,
1966-03-01,4.8734782608695655,,,
1966-04-01,4.75,,,
1966-05-01,4.7785714285714285,,,
1966-06-01,4.814545454545455,,,
1966-07-01,5.018,,,
1966-08-01,5.224347826086956,,,
1966-09-01,5.182380952380952,,,
1966-10-01,5.0115,,,
1966-11-01,5.155263157894737,,,
1966-12-01,4.842857142857143,,,
1967-01-01,4.579047619047619,,,
1967-02-01,4.626666666666667,,,
1967-03-01,4.541818181818182,,,
1967-04-01,4.593500000000001,,,
1967-05-01,4.847727272727273,,,
1967-06-01,5.0227272727272725,,,
1967-07-01,5.159000000000001,,,
1967-08-01,5.275652173913044,,,
1967-09-01,5.3020000000000005,,,
1967-10-01,5.480952380952381,,,
1967-11-01,5.7535,,,
1967-12-01,5.699,,,
1968-01-01,5.528636363636363,,,
1968-02-01,5.563684210526316,,,
1968-03-01,5.74,,,
1968-04-01,5.6385,,,
1968-05-01,5.869545454545454,,,
1968-06-01,5.718,,,
1968-07-01,5.495454545454546,,,
1968-08-01,5.420454545454546,,,
1968-09-01,5.46,,,
1968-10-01,5.582608695652175,,,
1968-11-01,5.696111111111112,,,
1968-12-01,6.031904761904762,,,
1969-01-01,6.041818181818181,,,
1969-02-01,6.1889473684210525,,,
1969-03-01,6.296,,,
1969-04-01,6.173333333333333,,,
1969-05-01,6.323333333333333,,,
1969-06-01,6.574285714285715,,,
1969-07-01,6.71952380952381,,,
1969-08-01,6.691428571428572,,,
1969-09-01,7.159523809523809,,,
1969-10-01,7.095454545454545,,,
1969-11-01,7.144117647058824,,,
1969-12-01,7.654090909090908,,,
1970-01-01,7.794761904761905,,,
1970-02-01,7.238333333333333,,,
1970-03-01,7.072857142857143,,,
1970-04-01,7.390909090909091,,,
1970-05-01,7.906190476190476,,,
1970-06-01,7.841818181818183,,,
1970-07-01,7.457272727272727,,,
1970-08-01,7.527142857142857,,,
1970-09-01,7.38952380952381,,,
1970-10-01,7.326666666666667,,,
1970-11-01,6.841111111111111,,,
1970-12-01,6.391363636363636,,,
1971-01-01,6.2385,,358.02,
1971-02-01,6.112222222222222,,357.545,
1971-03-01,5.7034782608695656,,357.5187,
1971-04-01,5.833809523809524,,357.5032,
1971-05-01,6.3925,,357.413,
1971-06-01,6.522272727272727,,357.4118,
1971-07-01,6.729523809523809,,357.4043,
1971-08-01,6.582727272727272,,355.78,
1971-09-01,6.13952380952381,,338.021,
1971-10-01,5.925789473684211,,331.1105,
1971-11-01,5.8100000000000005,,328.752,
1971-12-01,5.926363636363636,,320.0727,
1972-01-01,5.947619047619048,,312.72,
1972-02-01,6.081,,305.187,
1972-03-01,6.068636363636363,,302.5365,
1972-04-01,6.1945,,303.5605,
1972-05-01,6.126363636363636,,304.3795,
1972-06-01,6.1068181818181815,,302.4145,
1972-07-01,6.113,,301.0305,
1972-08-01,6.210434782608695,,301.1609,
1972-09-01,6.5495,,301.119,
1972-10-01,6.4795,,301.011,
1972-11-01,6.2805,,300.9885,
1972-12-01,6.3585,,301.2405,
1973-01-01,6.464545454545455,,301.7882,
1973-02-01,6.635555555555555,,278.4206,
1973-03-01,6.709090909090909,,261.9014,
1973-04-01,6.6685,,265.4914,
1973-05-01,6.847272727272727,,264.6505,
1973-06-01,6.9,,264.4981,
1973-07-01,7.130952380952381,,264.5538,
1973-08-01,7.404782608695652,,265.22,
1973-09-01,7.090526315789473,,265.4747,
1973-10-01,6.7942857142857145,,266.3348,
1973-11-01,6.7285,,278.2625,
1973-12-01,6.743684210526316,,280.1775,
1974-01-01,6.988636363636363,,298.1336,
1974-02-01,6.957222222222223,,291.0872,
1974-03-01,7.209047619047618,,282.1648,
1974-04-01,7.512380952380952,,277.7741,
1974-05-01,7.57590909090909,,278.9664,
1974-06-01,7.535500000000001,,282.97,
1974-07-01,7.805000000000001,,290.98,
1974-08-01,8.04409090909091,,302.2836,
1974-09-01,8.0375,,299.084,
1974-10-01,7.896818181818181,,299.3645,
1974-11-01,7.681111111111111,,300.075,
1974-12-01,7.433809523809523,,300.4114,
1975-01-01,7.501363636363636,,299.6845,
1975-02-01,7.392222222222222,,291.6583,
1975-03-01,7.728,,287.9486,
1975-04-01,8.226818181818182,,292.1968,
1975-05-01,8.05952380952381,,291.4305,
1975-06-01,7.860952380952382,,293.4662,
1975-07-01,8.061363636363636,,296.3741,
1975-08-01,8.397619047619047,,297.9762,
1975-09-01,8.426666666666668,,299.909,
1975-10-01,8.137727272727274,,302.3364,
1975-11-01,8.052941176470588,,302.5453,
1975-12-01,7.996818181818182,,305.67,
1976-01-01,7.742380952380953,,304.6357,
1976-02-01,7.792777777777778,,301.5944,
1976-03-01,7.734347826086956,,300.5183,
1976-04-01,7.564285714285714,,299.1086,
1976-05-01,7.895,,299.004,
1976-06-01,7.861363636363635,,299.1909,
1976-07-01,7.831904761904762,,294.641,
1976-08-01,7.768636363636364,,290.6259,
1976-09-01,7.594285714285713,,287.361,
1976-10-01,7.411,,291.189,
1976-11-01,7.291052631578947,,295.1653,
1976-12-01,6.869090909090909,,294.7017,
1977-01-01,7.213333333333333,,291.0524,
1977-02-01,7.3910526315789475,,285.0221,
1977-03-01,7.460000000000001,,280.2265,
1977-04-01,7.3705,,275.2071,
1977-05-01,7.456666666666667,,277.4262,
1977-06-01,7.275454545454545,,272.8609,
1977-07-01,7.330000000000001,,264.8632,
1977-08-01,7.396521739130435,,266.6774,
1977-09-01,7.343809523809524,,266.77,
1977-10-01,7.5235,,254.7445,
1977-11-01,7.577368421052632,,244.7026,
1977-12-01,7.685238095238095,,241.0229,
1978-01-01,7.956190476190477,,241.081,
1978-02-01,8.033333333333333,,240.3722,
1978-03-01,8.03590909090909,,231.8574,
1978-04-01,8.154,,221.857,
1978-05-01,8.345714285714285,,226.1786,
1978-06-01,8.462272727272728,,214.1064,
1978-07-01,8.64,,199.6955,
1978-08-01,8.410869565217391,,188.7096,
1978-09-01,8.416500000000001,,189.9195,
1978-10-01,8.642380952380952,,183.631,
1978-11-01,8.805,,192.1425,
1978-12-01,9.006499999999999,,195.955,
1979-01-01,9.099545454545456,,197.755,
1979-02-01,9.098333333333333,,200.5072,
1979-03-01,9.117272727272727,,206.3236,
1979-04-01,9.182,,216.2852,
1979-05-01,9.252380952380951,,218.4141,
1979-06-01,8.913809523809524,,218.5967,
1979-07-01,8.95,,216.51,
1979-08-01,9.029565217391305,,217.9257,
1979-09-01,9.334736842105263,,222.4137,
1979-10-01,10.299090909090909,,230.4845,
1979-11-01,10.65315789473684,,244.9842,
1979-12-01,10.386,,240.3745,
1980-01-01,10.802272727272728,,237.8886,
1980-02-01,12.414736842105263,,244.35,
1980-03-01,12.74904761904762,,248.4786,
1980-04-01,11.473333333333333,,250.275,
1980-05-01,10.181428571428572,,228.6286,
1980-06-01,9.778095238095238,,217.9176,
1980-07-01,10.247727272727271,,221.1364,
1980-08-01,11.101904761904764,,223.9138,
1980-09-01,11.508571428571427,,214.4167,
1980-10-01,11.751363636363635,,209.3227,
1980-11-01,12.68470588235294,,213.1059,
1980-12-01,12.844090909090909,,209.4886,
1981-01-01,12.568571428571428,,202.3667,
1981-02-01,13.194444444444445,,205.7167,
1981-03-01,13.115909090909092,,208.7918,
1981-04-01,13.67952380952381,,214.9759,
1981-05-01,14.0995,,220.6285,
1981-06-01,13.472272727272726,,224.1805,
1981-07-01,14.280909090909091,,232.3261,
1981-08-01,14.937142857142858,,233.3262,
1981-09-01,15.323809523809524,,229.481,
1981-10-01,15.14809523809524,,231.519,
1981-11-01,13.392777777777775,,223.1267,
1981-12-01,13.724545454545456,,218.9545,
1982-01-01,14.594,,224.805,
1982-02-01,14.425555555555556,,235.3056,
1982-03-01,13.861304347826088,,241.2283,
1982-04-01,13.871904761904762,,244.1068,
1982-05-01,13.6225,,236.9635,
1982-06-01,14.299545454545454,,251.1977,
1982-07-01,13.946190476190475,,255.031,
1982-08-01,13.055,,259.0455,
1982-09-01,12.33904761904762,,263.2857,
1982-10-01,10.9065,,271.615,
1982-11-01,10.550526315789474,,264.0879,
1982-12-01,10.54,,241.9413,
1983-01-01,10.457142857142856,,232.731,
1983-02-01,10.724736842105264,,236.1211,
1983-03-01,10.506521739130434,,238.2543,
1983-04-01,10.4,,237.7467,
1983-05-01,10.38,,234.7557,
1983-06-01,10.848636363636365,,240.0314,
1983-07-01,11.377,,240.516,
1983-08-01,11.846086956521738,,244.4613,
1983-09-01,11.653809523809525,,242.3462,
1983-10-01,11.541,,232.8855,
1983-11-01,11.69,,235.03,
1983-12-01,11.82952380952381,,234.4624,
1984-01-01,11.674285714285714,,233.8,
1984-02-01,11.842105263157896,,233.5963,
1984-03-01,12.319090909090908,,225.2664,
1984-04-01,12.6335,,225.2,
1984-05-01,13.408636363636363,,230.4777,
1984-06-01,13.562857142857142,,233.5657,
1984-07-01,13.362380952380953,,243.0676,
1984-08-01,12.716086956521735,,242.2609,
1984-09-01,12.522631578947369,,245.4568,
1984-10-01,12.160454545454543,,246.7545,
1984-11-01,11.572631578947368,,243.6305,
1984-12-01,11.4995,,247.964,
1985-01-01,11.384285714285712,,254.1829,
1985-02-01,11.508888888888889,,260.4778,
1985-03-01,11.855238095238096,,257.9205,
1985-04-01,11.434761904761904,,251.8455,
1985-05-01,10.84681818181818,,251.7295,
1985-06-01,10.156,,248.84,
1985-07-01,10.306818181818182,,241.1364,
1985-08-01,10.331818181818182,,237.4609,
1985-09-01,10.373157894736842,,236.5275,
1985-10-01,10.23681818181818,,214.6805,
1985-11-01,9.781578947368422,,204.0737,
1985-12-01,9.25904761904762,,202.7881,
1986-01-01,9.193809523809524,,199.8905,
1986-02-01,8.704210526315789,,184.8516,
1986-03-01,7.778499999999999,,178.6938,
1986-04-01,7.29909090909091,,175.0918,
1986-05-01,7.70952380952381,,167.0314,
1986-06-01,7.7995238095238095,,167.5419,
1986-07-01,7.303181818181818,,158.6059,
1986-08-01,7.1657142857142855,,154.1771,
1986-09-01,7.447619047619048,,154.7314,
1986-10-01,7.426363636363636,,156.4723,
1986-11-01,7.250555555555555,,162.8494,
1986-12-01,7.112727272727272,,162.0523,
1987-01-01,7.0845,,154.8295,
1987-02-01,7.2505263157894735,,153.4068,
1987-03-01,7.248636363636364,,151.4332,
1987-04-01,8.022857142857143,,142.8986,
1987-05-01,8.613,,140.479,
1987-06-01,8.402272727272727,,144.5495,
1987-07-01,8.44681818181818,,150.2939,
1987-08-01,8.76047619047619,,147.3343,
1987-09-01,9.421904761904765,,143.291,
1987-10-01,9.52,,143.32,
1987-11-01,8.860526315789473,,135.3974,
1987-12-01,8.987727272727271,,128.2418,
1988-01-01,8.66578947368421,,127.6853,
1988-02-01,8.212,,129.1665,
1988-03-01,8.373478260869565,,127.1139,
1988-04-01,8.7185,,124.8976,
1988-05-01,9.08904761904762,,124.7871,
1988-06-01,8.921363636363637,,127.4655,
1988-07-01,9.056,,133.0215,
1988-08-01,9.260434782608696,,133.7661,
1988-09-01,8.977142857142857,,134.3176,
1988-10-01,8.7955,,128.6805,
1988-11-01,8.9625,,123.202,
1988-12-01,9.105714285714283,,123.6076,
1989-01-01,9.0915,4.8,127.3625,4.2915
1989-02-01,9.168947368421051,4.894,127.7374,4.274947368421051
1989-03-01,9.357727272727272,5.147,130.5504,4.210727272727272
1989-04-01,9.1755,5.221,132.0365,3.9544999999999995
1989-05-01,8.85909090909091,5.174,137.8636,3.685090909090909
1989-06-01,8.277272727272727,5.225,143.9809,3.0522727272727277
1989-07-01,8.0185,5.04,140.424,2.9784999999999995
1989-08-01,8.112608695652174,4.883,141.4852,3.229608695652174
1989-09-01,8.1905,5.096,145.07,3.0945
1989-10-01,8.007619047619048,5.156,142.2067,2.8516190476190486
1989-11-01,7.874285714285714,5.371,143.5343,2.5032857142857132
1989-12-01,7.836,5.52,143.685,2.3160000000000007
1990-01-01,8.206666666666667,6.449,144.9819,1.7576666666666672
1990-02-01,8.473157894736843,6.778,145.6932,1.6951578947368438
1990-03-01,8.588636363636363,6.899,153.3082,1.689636363636363
1990-04-01,8.7855,6.906,158.4586,1.879500000000001
1990-05-01,8.758181818181818,6.508,154.0441,2.250181818181818
1990-06-01,8.48,6.421,153.6957,2.059
1990-07-01,8.471428571428572,6.772,149.0395,1.6994285714285713
1990-08-01,8.752608695652174,7.62,147.4609,1.1326086956521744
1990-09-01,8.893157894736841,8.032,138.4405,0.8611578947368415
1990-10-01,8.719545454545456,7.6,129.5909,1.119545454545456
1990-11-01,8.392,7.08,129.2155,1.3119999999999994
1990-12-01,8.075,6.454,133.889,1.6209999999999996
1991-01-01,8.091904761904763,6.432,133.6986,1.6599047619047624
1991-02-01,7.854736842105264,6.309,130.5358,1.5457368421052635
1991-03-01,8.11,6.591,137.3867,1.5189999999999992
1991-04-01,8.039090909090909,6.64,137.1127,1.3990909090909094
1991-05-01,8.067727272727273,6.637,138.2218,1.4307272727272737
1991-06-01,8.284,6.735,139.7475,1.5490000000000004
1991-07-01,8.272727272727273,6.67,137.83,1.6027272727272734
1991-08-01,7.9,6.414,136.8164,1.4860000000000007
1991-09-01,7.65,6.081,134.2995,1.569
1991-10-01,7.527272727272727,5.885,130.7723,1.6422727272727276
1991-11-01,7.417368421052632,5.927,129.6321,1.490368421052632
1991-12-01,7.088571428571429,5.719,128.0395,1.3695714285714287
1992-01-01,7.032380952380953,5.449,125.4614,1.5833809523809528
1992-02-01,7.337894736842105,5.578,127.6989,1.7598947368421047
1992-03-01,7.542272727272728,5.531,132.8627,2.011272727272728
1992-04-01,7.480476190476191,5.71,133.5395,1.7704761904761908
1992-05-01,7.392,5.739,130.771,1.6530000000000005
1992-06-01,7.261818181818182,5.64,126.8355,1.621818181818182
1992-07-01,6.844545454545455,5.408,125.8817,1.4365454545454543
1992-08-01,6.585714285714286,5.112,126.231,1.4737142857142862
1992-09-01,6.415238095238095,5.021,122.5967,1.3942380952380953
1992-10-01,6.589047619047619,5.015,121.1652,1.5740476190476196
1992-11-01,6.873157894736842,4.868,123.88,2.0051578947368416
1992-12-01,6.77,4.848,124.0409,1.9219999999999997
1993-01-01,6.6000000000000005,4.723,124.9932,1.8770000000000007
1993-02-01,6.258947368421053,4.409,120.7595,1.849947368421053
1993-03-01,5.975217391304348,4.318,117.0174,1.6572173913043482
1993-04-01,5.9695238095238095,4.593,112.4114,1.3765238095238095
1993-05-01,6.0355,4.943,110.343,1.0925000000000002
1993-06-01,5.962727272727273,4.836,107.4118,1.1267272727272726
1993-07-01,5.805238095238095,4.517,107.6914,1.2882380952380945
1993-08-01,5.677727272727273,4.407,103.765,1.2707272727272727
1993-09-01,5.36,4.016,105.5748,1.3440000000000003
1993-10-01,5.334,3.931,107.02,1.4029999999999996
1993-11-01,5.724,3.762,107.8765,1.9620000000000002
1993-12-01,5.774090909090909,3.396,109.913,2.3780909090909095
1994-01-01,5.750500000000001,3.597,111.4415,2.1535000000000006
1994-02-01,5.9731578947368416,4.041,106.3011,1.9321578947368412
1994-03-01,6.482608695652174,4.453,105.0974,2.0296086956521737
1994-04-01,6.972105263157895,4.093,103.4843,2.8791052631578946
1994-05-01,7.183333333333333,3.984,103.7533,3.1993333333333327
1994-06-01,7.101363636363636,4.278,102.5264,2.823363636363636
1994-07-01,7.298,4.531,98.445,2.7670000000000003
1994-08-01,7.236086956521739,4.778,99.9404,2.45808695652174
1994-09-01,7.457142857142857,4.642,98.7743,2.815142857142857
1994-10-01,7.744,4.684,98.353,3.0599999999999996
1994-11-01,7.955,4.718,98.044,3.237
1994-12-01,7.813809523809524,4.561,100.1824,3.252809523809524
1995-01-01,7.7795,4.605,99.766,3.174499999999999
1995-02-01,7.469473684210525,4.515,98.2368,2.9544736842105257
1995-03-01,7.204782608695653,4.113,90.5196,3.0917826086956524
1995-04-01,7.062631578947368,3.545,83.6895,3.517631578947368
1995-05-01,6.632727272727274,3.386,85.1127,3.2467272727272736
1995-06-01,6.168181818181818,3.024,84.6355,3.144181818181818
1995-07-01,6.2780000000000005,2.933,87.397,3.3450000000000006
1995-08-01,6.488260869565217,3.215,94.7383,3.273260869565217
1995-09-01,6.1975,3.03,100.5455,3.1675
1995-10-01,6.044761904761905,2.925,100.839,3.119761904761905
1995-11-01,5.93047619047619,3.048,101.94,2.88247619047619
1995-12-01,5.7115,2.983,101.8495,2.7285
1996-01-01,5.652380952380953,3.12,105.7514,2.5323809523809526
1996-02-01,5.8055,3.271,105.788,2.5345000000000004
1996-03-01,6.268571428571428,3.299,105.94,2.969571428571428
1996-04-01,6.511363636363637,3.301,107.1995,3.2103636363636365
1996-05-01,6.736818181818182,3.388,106.3423,3.3488181818181824
1996-06-01,6.912000000000001,3.252,108.96,3.660000000000001
1996-07-01,6.865454545454545,3.294,109.1909,3.571454545454545
1996-08-01,6.635454545454545,3.209,107.8659,3.4264545454545448
1996-09-01,6.832000000000001,2.928,109.931,3.904000000000001
1996-10-01,6.533636363636364,2.8,112.4123,3.7336363636363643
1996-11-01,6.203684210526316,2.759,112.2958,3.4446842105263165
1996-12-01,6.302380952380952,2.597,113.981,3.705380952380952
1997-01-01,6.579047619047619,2.632,117.9124,3.9470476190476185
1997-02-01,6.419473684210526,2.583,122.9621,3.8364736842105263
1997-03-01,6.6945,2.524,122.7738,4.1705
1997-04-01,6.885454545454545,2.382,125.6377,4.503454545454545
1997-05-01,6.710952380952381,2.736,119.1924,3.9749523809523803
1997-06-01,6.493809523809524,2.684,114.2857,3.809809523809524
1997-07-01,6.220454545454545,2.505,115.3759,3.715454545454545
1997-08-01,6.298571428571429,2.354,117.9295,3.944571428571429
1997-09-01,6.208571428571428,2.21,120.89,3.998571428571428
1997-10-01,6.029545454545455,1.994,121.0605,4.035545454545455
1997-11-01,5.875,1.941,125.3817,3.934
1997-12-01,5.808636363636364,1.939,129.7341,3.8696363636363635
1998-01-01,5.5445,1.948,129.5475,3.5965000000000003
1998-02-01,5.574736842105263,2.0,125.8516,3.5747368421052634
1998-03-01,5.647272727272727,1.855,129.0823,3.7922727272727275
1998-04-01,5.637619047619047,1.867,131.7536,3.7706190476190473
1998-05-01,5.6525,1.655,134.896,3.9974999999999996
1998-06-01,5.496363636363636,1.54,140.3305,3.956363636363636
1998-07-01,5.461363636363637,1.683,140.7874,3.778363636363637
1998-08-01,5.341904761904762,1.502,144.68,3.839904761904762
1998-09-01,4.806666666666667,1.103,134.4805,3.703666666666667
1998-10-01,4.529999999999999,0.879,121.0486,3.6509999999999994
1998-11-01,4.827368421052632,0.977,120.2895,3.850368421052632
1998-12-01,4.645,1.488,117.0709,3.1569999999999996
1999-01-01,4.722105263157895,1.91,113.29,2.8121052631578944
1999-02-01,4.998947368421053,2.117,116.6684,2.881947368421053
1999-03-01,5.232608695652174,1.816,119.473,3.416608695652174
1999-04-01,5.184545454545455,1.563,119.7723,3.621545454545455
1999-05-01,5.539499999999999,1.334,121.9995,4.205499999999999
1999-06-01,5.899545454545454,1.632,120.7245,4.267545454545455
1999-07-01,5.791904761904762,1.703,119.3305,4.088904761904762
1999-08-01,5.9390909090909085,1.878,113.2268,4.061090909090908
1999-09-01,5.915238095238095,1.759,106.8752,4.156238095238095
1999-10-01,6.112,1.692,105.965,4.42
1999-11-01,6.034,1.817,104.6485,4.217
1999-12-01,6.275454545454545,1.767,102.5843,4.508454545454546
2000-01-01,6.661,1.691,105.296,4.97
2000-02-01,6.519499999999999,1.796,109.3885,4.723499999999999
2000-03-01,6.256521739130435,1.819,106.3074,4.437521739130435
2000-04-01,5.990526315789474,1.74,105.627,4.2505263157894735
2000-05-01,6.440454545454545,1.705,108.3205,4.735454545454545
2000-06-01,6.097272727272728,1.664,106.1255,4.433272727272728
2000-07-01,6.054,1.689,108.2115,4.365
2000-08-01,5.826086956521739,1.75,108.0804,4.076086956521739
2000-09-01,5.799,1.876,106.8375,3.9230000000000005
2000-10-01,5.738571428571428,1.815,108.4429,3.9235714285714285
2000-11-01,5.717142857142857,1.764,109.0095,3.953142857142857
2000-12-01,5.2405,1.624,112.209,3.6165
2001-01-01,5.160952380952381,1.508,116.6719,3.6529523809523807
2001-02-01,5.098947368421053,1.415,116.2337,3.6839473684210526
2001-03-01,4.885454545454546,1.169,121.505,3.7164545454545457
2001-04-01,5.141,1.315,123.771,3.826
2001-05-01,5.391363636363637,1.25,121.7682,4.141363636363637
2001-06-01,5.284285714285714,1.152,122.351,4.132285714285714
2001-07-01,5.236190476190477,1.305,124.4981,3.9311904761904772
2001-08-01,4.971304347826087,1.343,121.367,3.628304347826087
2001-09-01,4.731764705882353,1.346,118.6117,3.3857647058823526
2001-10-01,4.566818181818181,1.363,121.4536,3.2038181818181815
2001-11-01,4.6515,1.328,122.4055,3.3235
2001-12-01,5.0875,1.334,127.5945,3.7535000000000003
2002-01-01,5.035714285714286,1.42,132.6833,3.6157142857142857
2002-02-01,4.911578947368421,1.501,133.6426,3.4105789473684207
2002-03-01,5.284000000000001,1.421,131.061,3.8630000000000004
2002-04-01,5.210909090909091,1.394,130.7718,3.816909090909091
2002-05-01,5.164545454545455,1.365,126.375,3.799545454545455
2002-06-01,4.9265,1.328,123.2905,3.5984999999999996
2002-07-01,4.653181818181818,1.296,117.8991,3.357181818181818
2002-08-01,4.257272727272727,1.255,118.9927,3.002272727272727
2002-09-01,3.87,1.129,121.078,2.741
2002-10-01,3.940909090909091,1.095,123.9077,2.8459090909090907
2002-11-01,4.048421052631579,0.979,121.6079,3.0694210526315793
2002-12-01,4.032380952380952,0.975,121.8929,3.0573809523809516
2003-01-01,4.048571428571428,0.836,118.8133,3.212571428571428
2003-02-01,3.9026315789473687,0.828,119.3379,3.074631578947369
2003-03-01,3.8071428571428574,0.724,118.6871,3.0831428571428576
2003-04-01,3.958571428571428,0.663,119.895,3.295571428571428
2003-05-01,3.5690476190476192,0.577,117.3681,2.9920476190476193
2003-06-01,3.334285714285714,0.529,118.329,2.805285714285714
2003-07-01,3.975454545454546,0.956,118.6959,3.019454545454546
2003-08-01,4.445238095238095,1.406,118.6624,3.0392380952380957
2003-09-01,4.274285714285715,1.42,114.8,2.854285714285715
2003-10-01,4.290454545454545,1.437,109.4955,2.853454545454545
2003-11-01,4.300000000000001,1.333,109.1778,2.9670000000000005
2003-12-01,4.267727272727273,1.33,107.7377,2.9377272727272725
2004-01-01,4.1505,1.33,106.2685,2.8205
2004-02-01,4.084210526315789,1.211,106.7079,2.8732105263157885
2004-03-01,3.826521739130435,1.418,108.5157,2.4085217391304354
2004-04-01,4.347619047619047,1.52,107.6564,2.8276190476190473
2004-05-01,4.7155000000000005,1.505,112.196,3.2105000000000006
2004-06-01,4.733809523809524,1.807,109.4336,2.9268095238095237
2004-07-01,4.498095238095239,1.808,109.4871,2.690095238095239
2004-08-01,4.281363636363636,1.588,110.2336,2.693363636363636
2004-09-01,4.125714285714285,1.393,110.0914,2.7327142857142848
2004-10-01,4.097,1.483,108.7835,2.6140000000000003
2004-11-01,4.194,1.452,104.699,2.742
2004-12-01,4.2309090909090905,1.397,103.8104,2.8339090909090903
2005-01-01,4.221500000000001,1.31,103.341,2.9115000000000006
2005-02-01,4.165263157894737,1.419,104.9442,2.7462631578947367
2005-03-01,4.497727272727273,1.325,105.2543,3.172727272727273
2005-04-01,4.3409523809523805,1.257,107.1938,3.083952380952381
2005-05-01,4.144285714285714,1.238,106.5952,2.906285714285714
2005-06-01,3.998181818181818,1.143,108.7473,2.8551818181818183
2005-07-01,4.1775,1.295,111.9535,2.8825000000000003
2005-08-01,4.262608695652174,1.365,110.6065,2.897608695652174
2005-09-01,4.199047619047619,1.45,111.239,2.7490476190476185
2005-10-01,4.4635,1.513,114.8695,2.9505
2005-11-01,4.535,1.454,118.454,3.0810000000000004
2005-12-01,4.467142857142857,1.488,118.4624,2.979142857142857
2006-01-01,4.416,1.547,115.4765,2.8690000000000007
2006-02-01,4.568947368421052,1.598,117.8605,2.9709473684210526
2006-03-01,4.7239130434782615,1.759,117.2778,2.9649130434782616
2006-04-01,4.990526315789474,1.956,117.0695,3.0345263157894737
2006-05-01,5.11,1.849,111.7305,3.261
2006-06-01,5.106363636363636,1.901,114.625,3.2053636363636366
2006-07-01,5.0875,1.927,115.767,3.1605000000000003
2006-08-01,4.8765217391304345,1.668,115.9243,3.2085217391304344
2006-09-01,4.718999999999999,1.628,117.2145,3.0909999999999993
2006-10-01,4.729047619047619,1.718,118.609,3.011047619047619
2006-11-01,4.595238095238095,1.69,117.3205,2.905238095238095
2006-12-01,4.5645,1.645,117.322,2.9194999999999998
2007-01-01,4.7595238095238095,1.705,120.4471,3.0545238095238094
2007-02-01,4.722631578947369,1.64,120.5047,3.0826315789473693
2007-03-01,4.564545454545455,1.629,117.26,2.9355454545454553
2007-04-01,4.6938095238095245,1.653,118.9324,3.0408095238095245
2007-05-01,4.746363636363636,1.733,120.7732,3.013363636363636
2007-06-01,5.102857142857142,1.903,122.6886,3.1998571428571423
2007-07-01,5.004285714285714,1.809,121.4148,3.1952857142857134
2007-08-01,4.674782608695652,1.577,116.7335,3.0977826086956517
2007-09-01,4.521578947368421,1.698,115.0435,2.823578947368421
2007-10-01,4.527727272727272,1.616,115.8661,2.9117272727272723
2007-11-01,4.1485,1.497,111.0729,2.6515000000000004
2007-12-01,4.0975,1.526,112.449,2.5715000000000003
2008-01-01,3.744285714285714,1.429,107.8181,2.3152857142857144
2008-02-01,3.7375,1.429,107.03,2.3084999999999996
2008-03-01,3.51,1.245,100.7562,2.2649999999999997
2008-04-01,3.675,1.6,102.6777,2.0749999999999997
2008-05-01,3.88,1.778,104.3595,2.102
2008-06-01,4.099523809523809,1.601,106.9152,2.4985238095238094
2008-07-01,4.007727272727273,1.537,106.8518,2.470727272727273
2008-08-01,3.885714285714285,1.431,109.3624,2.4547142857142847
2008-09-01,3.686190476190476,1.481,106.5748,2.2051904761904755
2008-10-01,3.814090909090909,1.486,99.9659,2.3280909090909088
2008-11-01,3.526666666666667,1.377,96.9656,2.1496666666666666
2008-12-01,2.4163636363636365,1.214,91.275,1.2023636363636365
2009-01-01,2.5175,1.272,90.1205,1.2455
2009-02-01,2.87,1.277,92.9158,1.5930000000000002
2009-03-01,2.819545454545455,1.323,97.855,1.4965454545454548
2009-04-01,2.927142857142857,1.402,98.92,1.5251428571428571
2009-05-01,3.293,1.481,96.6445,1.812
2009-06-01,3.7218181818181817,1.363,96.6145,2.3588181818181817
2009-07-01,3.5622727272727275,1.386,94.367,2.1762727272727274
2009-08-01,3.587142857142857,1.314,94.8971,2.273142857142857
2009-09-01,3.401904761904762,1.258,91.2748,2.143904761904762
2009-10-01,3.387619047619048,1.404,90.3671,1.9836190476190483
2009-11-01,3.4026315789473687,1.253,89.2674,2.1496315789473686
2009-12-01,3.5900000000000003,1.272,89.9509,2.3180000000000005
2010-01-01,3.733157894736842,1.308,91.1011,2.4251578947368415
2010-02-01,3.691052631578947,1.295,90.1395,2.396052631578947
2010-03-01,3.7273913043478255,1.361,90.7161,2.3663913043478253
2010-04-01,3.8468181818181817,1.286,93.4527,2.5608181818181817
2010-05-01,3.4200000000000004,1.257,91.973,2.1630000000000003
2010-06-01,3.2040909090909087,1.08,90.8059,2.1240909090909086
2010-07-01,3.011428571428572,1.075,87.5005,1.936428571428572
2010-08-01,2.698636363636364,1.023,85.3727,1.6756363636363643
2010-09-01,2.6476190476190475,0.898,84.3571,1.7496190476190474
2010-10-01,2.54,0.903,81.7285,1.637
2010-11-01,2.763,1.161,82.518,1.6019999999999999
2010-12-01,3.290909090909091,1.133,83.3376,2.157909090909091
2011-01-01,3.394,1.213,82.625,2.181
2011-02-01,3.5763157894736843,1.241,82.5368,2.3353157894736842
2011-03-01,3.4143478260869564,1.214,81.647,2.2003478260869564
2011-04-01,3.455,1.215,83.1771,2.24
2011-05-01,3.168571428571429,1.118,81.1257,2.0505714285714287
2011-06-01,3.002272727272727,1.084,80.4259,1.918272727272727
2011-07-01,3.003,1.075,79.2425,1.9280000000000002
2011-08-01,2.3030434782608693,1.023,76.9657,1.2800434782608694
2011-09-01,1.975238095238095,0.975,76.7957,1.0002380952380951
2011-10-01,2.152,1.038,76.643,1.114
2011-11-01,2.0135,1.062,77.5595,0.9515
2011-12-01,1.978095238095238,0.971,77.7967,1.0070952380952378
2012-01-01,1.9665,0.959,76.964,1.0074999999999998
2012-02-01,1.9675,0.962,78.47,1.0055
2012-03-01,2.1727272727272724,0.966,82.4659,1.2067272727272724
2012-04-01,2.052857142857143,0.914,81.2524,1.1388571428571428
2012-05-01,1.8031818181818184,0.846,79.6668,0.9571818181818185
2012-06-01,1.6223809523809525,0.789,79.3152,0.8333809523809524
2012-07-01,1.5266666666666668,0.78,78.9348,0.7466666666666668
2012-08-01,1.6782608695652177,0.8,78.6909,0.8782608695652177
2012-09-01,1.7231578947368422,0.757,78.1353,0.9661578947368422
2012-10-01,1.7461904761904763,0.76,79.0132,0.9861904761904763
2012-11-01,1.654,0.713,81.0305,0.941
2012-12-01,1.719,0.781,83.7905,0.9380000000000001
2013-01-01,1.9147619047619049,0.775,89.0581,1.139761904761905
2013-02-01,1.9842105263157896,0.669,93.0016,1.3152105263157896
2013-03-01,1.9575,0.492,94.77,1.4655
2013-04-01,1.7590909090909093,0.589,97.7582,1.1700909090909093
2013-05-01,1.9281818181818184,0.879,100.9186,1.0491818181818184
2013-06-01,2.3,0.822,97.235,1.4779999999999998
2013-07-01,2.5822727272727275,0.79,99.6727,1.7922727272727275
2013-08-01,2.737272727272728,0.708,97.8123,2.029272727272728
2013-09-01,2.8095,0.669,99.21,2.1405
2013-10-01,2.6159090909090907,0.59,97.77,2.025909090909091
2013-11-01,2.718421052631579,0.605,100.0737,2.113421052631579
2013-12-01,2.901904761904762,0.688,103.46,2.213904761904762
2014-01-01,2.858095238095238,0.614,103.7614,2.244095238095238
2014-02-01,2.709473684210526,0.586,102.1253,2.123473684210526
2014-03-01,2.723333333333333,0.605,102.3395,2.118333333333333
2014-04-01,2.705238095238095,0.61,102.4582,2.0952380952380953
2014-05-01,2.559047619047619,0.566,101.7738,1.9930476190476192
2014-06-01,2.5985714285714288,0.536,102.0629,2.0625714285714287
2014-07-01,2.5422727272727275,0.527,101.74,2.0152727272727273
2014-08-01,2.42,0.488,102.9438,1.932
2014-09-01,2.5342857142857143,0.497,107.4257,2.0372857142857144
2014-10-01,2.304090909090909,0.465,108.0264,1.839090909090909
2014-11-01,2.325555555555556,0.42,116.2994,1.905555555555556
2014-12-01,2.2072727272727275,0.33,119.3233,1.8772727272727274
2015-01-01,1.8815,0.275,118.25,1.6065
2015-02-01,1.9752631578947368,0.33,118.76,1.6452631578947368
2015-03-01,2.0427272727272725,0.4,120.3945,1.6427272727272726
2015-04-01,1.935,0.34,119.5095,1.595
2015-05-01,2.1975,0.39,120.798,1.8074999999999997
2015-06-01,2.363636363636364,0.455,123.7186,1.9086363636363641
2015-07-01,2.3245454545454547,0.41,123.3109,1.9145454545454548
2015-08-01,2.1671428571428573,0.38,123.0038,1.7871428571428574
2015-09-01,2.172857142857143,0.35,120.1476,1.822857142857143
2015-10-01,2.07,0.3,120.0481,1.7699999999999998
2015-11-01,2.263157894736842,0.3,122.6432,1.963157894736842
2015-12-01,2.2427272727272727,0.27,121.635,1.9727272727272727
2016-01-01,2.0852631578947367,0.095,118.2258,1.9902631578947367
2016-02-01,1.7795,-0.065,114.6155,1.8445
2016-03-01,1.8890909090909087,-0.05,112.9317,1.9390909090909088
2016-04-01,1.805238095238095,-0.085,109.5519,1.890238095238095
2016-05-01,1.806190476190476,-0.12,108.8481,1.926190476190476
2016-06-01,1.6440909090909093,-0.23,105.3509,1.8740909090909093
2016-07-01,1.504,-0.195,104.191,1.699
2016-08-01,1.556521739130435,-0.07,101.2383,1.626521739130435
2016-09-01,1.6304761904761906,-0.085,101.7843,1.7154761904761906
2016-10-01,1.7645,-0.05,103.9075,1.8145
2016-11-01,2.1420000000000003,0.02,108.443,2.1220000000000003
2016-12-01,2.491904761904762,0.04,115.9981,2.451904761904762
2017-01-01,2.4325,0.085,114.8721,2.3475
2017-02-01,2.4189473684210525,0.05,112.9116,2.3689473684210527
2017-03-01,2.4817391304347827,0.065,112.9165,2.4167391304347827
2017-04-01,2.2973684210526315,0.015,110.091,2.2823684210526314
2017-05-01,2.303636363636364,0.04,112.2436,2.263636363636364
2017-06-01,2.186818181818182,0.075,110.9141,2.111818181818182
2017-07-01,2.318,0.075,112.417,2.243
2017-08-01,2.2091304347826086,0.01,109.827,2.199130434782609
2017-09-01,2.202,0.06,110.776,2.142
2017-10-01,2.3600000000000003,0.065,112.9148,2.2950000000000004
2017-11-01,2.353333333333333,0.035,112.819,2.318333333333333
2017-12-01,2.4025,0.045,112.9405,2.3575
2018-01-01,2.583809523809524,0.08,110.871,2.5038095238095237
2018-02-01,2.8589473684210525,0.045,107.97,2.8139473684210525
2018-03-01,2.842380952380952,0.045,106.0468,2.797380952380952
2018-04-01,2.869047619047619,0.05,107.6562,2.8190476190476192
2018-05-01,2.977727272727273,0.03,109.6882,2.947727272727273
2018-06-01,2.9123809523809525,0.03,110.0638,2.8823809523809527
2018-07-01,2.889047619047619,0.06,111.521,2.829047619047619
2018-08-01,2.889130434782609,0.11,110.9965,2.779130434782609
2018-09-01,3.004210526315789,0.125,112.0974,2.879210526315789
2018-10-01,3.152272727272727,0.13,112.7218,3.022272727272727
2018-11-01,3.117,0.085,113.338,3.032
2018-12-01,2.8326315789473684,-0.01,112.1994,2.842631578947368
2019-01-01,2.713809523809524,0.0,108.9605,2.713809523809524
2019-02-01,2.6763157894736844,-0.015,110.44,2.6913157894736845
2019-03-01,2.570952380952381,-0.095,111.1443,2.665952380952381
2019-04-01,2.532380952380952,-0.045,111.6414,2.577380952380952
2019-05-01,2.395,-0.095,109.9714,2.49
2019-06-01,2.074,-0.165,108.0685,2.239
2019-07-01,2.059090909090909,-0.16,108.2864,2.2190909090909092
2019-08-01,1.6263636363636365,-0.28,106.1886,1.9063636363636365
2019-09-01,1.6995,-0.215,107.54,1.9145
2019-10-01,1.7068181818181818,-0.15,108.1368,1.8568181818181817
2019-11-01,1.8121052631578949,-0.08,108.8579,1.892105263157895
2019-12-01,1.8628571428571428,-0.025,109.101,1.8878571428571427
2020-01-01,1.757619047619048,-0.065,109.2667,1.822619047619048
2020-02-01,1.5042105263157897,-0.155,110.0295,1.6592105263157897
2020-03-01,0.87,0.005,107.6673,0.865
2020-04-01,0.6576190476190477,-0.04,107.7386,0.6976190476190477
2020-05-01,0.674,0.0,107.2,0.674
2020-06-01,0.7286363636363636,0.03,107.5782,0.6986363636363636
2020-07-01,0.6236363636363637,0.01,106.6818,0.6136363636363636
2020-08-01,0.65,0.045,106.0129,0.605
2020-09-01,0.6795238095238095,0.015,105.589,0.6645238095238095
2020-10-01,0.7871428571428571,0.04,105.2095,0.7471428571428571
2020-11-01,0.8700000000000001,0.03,104.4061,0.8400000000000001
2020-12-01,0.9336363636363636,0.02,103.7952,0.9136363636363636
2021-01-01,1.0810526315789473,0.055,103.7883,1.0260526315789473
2021-02-01,1.2578947368421052,0.15,105.3774,1.1078947368421053
2021-03-01,1.6108695652173912,0.12,108.6991,1.4908695652173911
2021-04-01,1.635,0.09,109.0445,1.545
2021-05-01,1.621,0.08,109.112,1.541
2021-06-01,1.5190909090909093,0.05,110.1073,1.4690909090909092
2021-07-01,1.3185714285714287,0.015,110.2143,1.3035714285714288
2021-08-01,1.2831818181818182,0.02,109.8527,1.2631818181818182
2021-09-01,1.3747619047619049,0.065,110.161,1.309761904761905
2021-10-01,1.5825,0.095,113.1215,1.4875
2021-11-01,1.5595,0.05,113.965,1.5095
2021-12-01,1.465,0.07,113.8329,1.395
2022-01-01,1.764,0.17,114.8255,1.594
2022-02-01,1.9342105263157887,0.18,115.2763,1.7542105263157888
2022-03-01,2.1278260869565218,0.21,118.5774,1.9178260869565218
2022-04-01,2.7475,0.215,126.3743,2.5325
2022-05-01,2.8980952380952383,0.235,128.8486,2.6630952380952384
2022-06-01,3.143333333333333,0.225,133.9619,2.918333333333333
2022-07-01,2.896,0.18,136.709,2.7159999999999997
2022-08-01,2.8978260869565218,0.22,135.2835,2.6778260869565216
2022-09-01,3.5190476190476194,0.24,143.2843,3.2790476190476197
2022-10-01,3.9835,0.245,147.0515,3.7384999999999997
2022-11-01,3.891,0.25,142.445,3.641
2022-12-01,3.616190476190476,0.41,134.9148,3.206190476190476
2023-01-01,3.5315,0.49,130.4475,3.0415
2023-02-01,3.7468421052631578,0.5,133.0463,3.2468421052631578
2023-03-01,3.6630434782608696,0.32,133.6643,3.34304347826087
2023-04-01,3.46,0.385,133.4745,3.075
2023-05-01,3.573636363636364,0.43,137.0532,3.143636363636364
2023-06-01,3.7480952380952384,0.395,141.3581,3.3530952380952384
2023-07-01,3.8995,0.595,140.936,3.3045
2023-08-01,4.167826086956522,0.64,144.7804,3.5278260869565217
2023-09-01,4.379,0.765,147.845,3.6139999999999994
2023-10-01,4.798095238095239,0.95,149.5933,3.8480952380952385
2023-11-01,4.502857142857143,0.66,149.679,3.8428571428571425
2023-12-01,4.0200000000000005,0.62,143.9815,3.4000000000000004
2024-01-01,4.058095238095238,0.73,146.2943,3.3280952380952384
2024-02-01,4.2075000000000005,0.71,149.615,3.4975000000000005
2024-03-01,4.2085,0.725,149.8186,3.4835
2024-04-01,4.539090909090909,0.87,153.89,3.669090909090909
2024-05-01,4.482272727272727,1.07,155.8691,3.412272727272727
2024-06-01,4.3052631578947365,1.05,157.86,3.2552631578947366
2024-07-01,4.248636363636364,1.045,157.5182,3.203636363636364
2024-08-01,3.87090909090909,0.89,146.2641,2.98090909090909
2024-09-01,3.7235,0.855,142.954,2.8685
2024-10-01,4.095454545454545,0.935,149.8909,3.1604545454545447
2024-11-01,4.35578947368421,1.05,153.7126,3.30578947368421
2024-12-01,4.391428571428572,1.09,153.8143,3.3014285714285725
2025-01-01,4.629047619047618,1.245,156.4819,3.3840476190476183
2025-02-01,4.451052631578947,1.37,151.5716,3.081052631578947
2025-03-01,4.280476190476191,1.485,149.0576,2.795476190476191
2025-04-01,4.279047619047619,1.31,144.1286,2.9690476190476187
2025-05-01,4.423809523809524,1.5,144.8762,2.923809523809524
2025-06-01,4.3835,1.42,144.4835,2.9635
2025-07-01,4.391818181818182,1.545,147.2014,2.8468181818181817
2025-08-01,4.2647619047619045,1.6,147.4786,2.6647619047619044
2025-09-01,4.12047619047619,1.645,147.8629,2.4754761904761904
2025-10-01,4.0618181818181816,1.655,151.3545,2.4068181818181813
2025-11-01,4.0938888888888885,1.805,155.1411,2.2888888888888888
2025-12-01,4.1431818181818185,2.06,155.915,2.0831818181818185
2026-01-01,4.2135,2.24,156.6505,1.9734999999999996
2026-02-01,4.12578947368421,2.11,155.1016,2.0157894736842104
2026-03-01,4.245909090909091,2.345,158.6827,1.9009090909090909
2026-04-01,4.319090909090909,2.515,159.1173,1.8040909090909092
2026-05-01,4.484,2.65,158.153,1.834
2026-06-01,4.47047619047619,2.67,160.77,1.8004761904761901
2026-07-01,4.599545454545455,2.79,162.3295,1.8095454545454546
2026-08-01,4.684285714285714,2.94,158.8476,1.7442857142857142
2026-09-01,4.848888888888889,,,
