date,high_yield_spread,us10y,nasdaq
2023-09-18,3.82,4.318999767303467,13710.240234375
2023-09-19,3.82,4.364999771118164,13678.1904296875
2023-09-20,3.77,4.348999977111816,13469.1298828125
2023-09-21,3.89,4.480000019073486,13223.98046875
2023-09-22,3.93,4.438000202178955,13211.8095703125
2023-09-25,3.97,4.541999816894531,13271.3203125
2023-09-26,4.04,4.558000087738037,13063.6103515625
2023-09-27,4.03,4.625999927520752,13092.849609375
2023-09-28,4.09,4.5970001220703125,13201.2802734375
2023-09-29,4.03,4.572999954223633,13219.3203125
2023-09-30,4.03,,
2023-10-02,4.11,4.683000087738037,13307.76953125
2023-10-03,4.26,4.802000045776367,13059.4697265625
2023-10-04,4.37,4.735000133514404,13236.009765625
2023-10-05,4.38,4.7170000076293945,13219.830078125
2023-10-06,4.33,4.783999919891357,13431.33984375
2023-10-09,4.34,4.796999931335449,13484.240234375
2023-10-10,4.26,4.65500020980835,13562.83984375
2023-10-11,4.25,4.59499979019165,13659.6796875
2023-10-12,4.25,4.711999893188477,13574.2197265625
2023-10-13,4.3,4.629000186920166,13407.23046875
2023-10-16,4.27,4.711999893188477,13567.98046875
2023-10-17,4.25,4.8470001220703125,13533.75
2023-10-18,4.32,4.9039998054504395,13314.2998046875
2023-10-19,4.37,4.98799991607666,13186.1796875
2023-10-20,4.52,4.923999786376953,12983.8095703125
2023-10-23,4.51,4.8379998207092285,13018.330078125
2023-10-24,4.41,4.840000152587891,13139.8701171875
2023-10-25,4.37,4.953000068664551,12821.2197265625
2023-10-26,4.5,4.84499979019165,12595.6103515625
2023-10-27,4.53,4.84499979019165,12643.009765625
2023-10-30,4.5,4.875,12789.48046875
2023-10-31,4.42,4.875,12851.240234375
2023-11-01,4.47,4.789000034332275,13061.4697265625
2023-11-02,4.15,4.669000148773193,13294.1904296875
2023-11-03,4.04,4.558000087738037,13478.2802734375
2023-11-06,4.0,4.6620001792907715,13518.7802734375
2023-11-07,4.08,4.571000099182129,13639.8603515625
2023-11-08,4.08,4.5229997634887695,13650.41015625
2023-11-09,4.04,4.630000114440918,13521.4501953125
2023-11-10,4.03,4.627999782562256,13798.1103515625
2023-11-13,4.03,4.631999969482422,13767.740234375
2023-11-14,3.92,4.440999984741211,14094.3798828125
2023-11-15,3.89,4.534999847412109,14103.83984375
2023-11-16,4.02,4.445000171661377,14113.669921875
2023-11-17,3.99,4.440999984741211,14125.48046875
2023-11-20,3.92,4.421999931335449,14284.5302734375
2023-11-21,3.95,4.418000221252441,14199.98046875
2023-11-22,3.9,4.415999889373779,14265.8603515625
2023-11-23,3.9,,
2023-11-24,3.85,4.4720001220703125,14250.849609375
2023-11-27,3.89,4.388999938964844,14241.01953125
2023-11-28,3.9,4.335999965667725,14281.759765625
2023-11-29,3.8,4.270999908447266,14258.490234375
2023-11-30,3.84,4.3520002365112305,14226.2197265625
2023-12-01,3.87,4.22599983215332,14305.0302734375
2023-12-04,3.8,4.288000106811523,14185.490234375
2023-12-05,3.8,4.171000003814697,14229.91015625
2023-12-06,3.79,4.120999813079834,14146.7099609375
2023-12-07,3.77,4.129000186920166,14339.990234375
2023-12-08,3.75,4.244999885559082,14403.9697265625
2023-12-11,3.79,4.238999843597412,14432.490234375
2023-12-12,3.76,4.205999851226807,14533.400390625
2023-12-13,3.79,4.0329999923706055,14733.9599609375
2023-12-14,3.47,3.930000066757202,14761.5595703125
2023-12-15,3.51,3.927999973297119,14813.919921875
2023-12-18,3.51,3.9539999961853027,14904.8095703125
2023-12-19,3.46,3.921999931335449,15003.2197265625
2023-12-20,3.43,3.877000093460083,14777.9404296875
2023-12-21,3.41,3.8940000534057617,14963.8701171875
2023-12-22,3.39,3.9010000228881836,14992.9697265625
2023-12-26,3.37,3.885999917984009,15074.5703125
2023-12-27,3.34,3.7890000343322754,15099.1796875
2023-12-28,3.32,3.8499999046325684,15095.1396484375
2023-12-29,3.34,3.865999937057495,15011.349609375
2023-12-31,3.39,,
2024-01-02,3.54,3.946000099182129,14765.9404296875
2024-01-03,3.71,3.9070000648498535,14592.2099609375
2024-01-04,3.69,3.990999937057495,14510.2998046875
2024-01-05,3.68,4.041999816894531,14524.0703125
2024-01-08,3.63,4.001999855041504,14843.76953125
2024-01-09,3.59,4.019000053405762,14857.7099609375
2024-01-10,3.5,4.03000020980835,14969.650390625
2024-01-11,3.55,3.9769999980926514,14970.1904296875
2024-01-12,3.56,3.950000047683716,14972.759765625
2024-01-15,3.54,,
2024-01-16,3.58,4.065999984741211,14944.349609375
2024-01-17,3.62,4.105999946594238,14855.6201171875
2024-01-18,3.58,4.144000053405762,15055.650390625
2024-01-19,3.54,4.145999908447266,15310.9697265625
2024-01-22,3.49,4.093999862670898,15360.2900390625
2024-01-23,3.51,4.142000198364258,15425.9404296875
2024-01-24,3.44,4.177999973297119,15481.919921875
2024-01-25,3.45,4.131999969482422,15510.5
2024-01-26,3.39,4.159999847412109,15455.3603515625
2024-01-29,3.41,4.091000080108643,15628.0400390625
2024-01-30,3.42,4.059000015258789,15509.900390625
2024-01-31,3.59,3.9670000076293945,15164.009765625
2024-02-01,3.56,3.86299991607666,15361.6396484375
2024-02-02,3.47,4.0329999923706055,15628.9501953125
2024-02-05,3.5,4.164000034332275,15597.6796875
2024-02-06,3.52,4.090000152587891,15609.0
2024-02-07,3.43,4.110000133514404,15756.6396484375
2024-02-08,3.38,4.170000076293945,15793.7099609375
2024-02-09,3.33,4.186999797821045,15990.66015625
2024-02-12,3.35,4.171999931335449,15942.5498046875
2024-02-13,3.36,4.315999984741211,15655.599609375
2024-02-14,3.38,4.267000198364258,15859.150390625
2024-02-15,3.35,4.239999771118164,15906.169921875
2024-02-16,3.34,4.295000076293945,15775.650390625
2024-02-19,3.34,,
2024-02-20,3.37,4.275000095367432,15630.7802734375
2024-02-21,3.34,4.324999809265137,15580.8701171875
2024-02-22,3.22,4.327000141143799,16041.6201171875
2024-02-23,3.23,4.260000228881836,15996.8203125
2024-02-26,3.23,4.298999786376953,15976.25
2024-02-27,3.26,4.315000057220459,16035.2998046875
2024-02-28,3.31,4.27400016784668,15947.740234375
2024-02-29,3.29,4.251999855041504,16091.919921875
2024-03-01,3.32,4.179999828338623,16274.9404296875
2024-03-04,3.26,4.218999862670898,16207.509765625
2024-03-05,3.31,4.13700008392334,15939.58984375
2024-03-06,3.27,4.104000091552734,16031.5400390625
2024-03-07,3.27,4.0920000076293945,16273.3798828125
2024-03-08,3.26,4.089000225067139,16085.1103515625
2024-03-11,3.26,4.104000091552734,16019.26953125
2024-03-12,3.2,4.15500020980835,16265.6396484375
2024-03-13,3.15,4.191999912261963,16177.76953125
2024-03-14,3.15,4.297999858856201,16128.5302734375
2024-03-15,3.16,4.303999900817871,15973.169921875
2024-03-18,3.13,4.340000152587891,16103.4501953125
2024-03-19,3.1,4.296999931335449,16166.7900390625
2024-03-20,3.14,4.2729997634887695,16369.41015625
2024-03-21,3.05,4.270999908447266,16401.83984375
2024-03-22,3.08,4.2179999351501465,16428.8203125
2024-03-25,3.11,4.252999782562256,16384.470703125
2024-03-26,3.15,4.234000205993652,16315.7001953125
2024-03-27,3.15,4.196000099182129,16399.51953125
2024-03-28,3.12,4.205999851226807,16379.4599609375
2024-03-31,3.15,,
2024-04-01,3.12,4.328999996185303,16396.830078125
2024-04-02,3.23,4.364999771118164,16240.4501953125
2024-04-03,3.23,4.355000019073486,16277.4599609375
2024-04-04,3.24,4.309000015258789,16049.080078125
2024-04-05,3.18,4.377999782562256,16248.51953125
2024-04-08,3.15,4.423999786376953,16253.9599609375
2024-04-09,3.14,4.366000175476074,16306.6396484375
2024-04-10,3.1,4.559999942779541,16170.3603515625
2024-04-11,3.16,4.576000213623047,16442.19921875
2024-04-12,3.25,4.499000072479248,16175.08984375
2024-04-15,3.28,4.627999782562256,15885.01953125
2024-04-16,3.36,4.658999919891357,15865.25
2024-04-17,3.42,4.585000038146973,15683.3701171875
2024-04-18,3.39,4.646999835968018,15601.5
2024-04-19,3.37,4.614999771118164,15282.009765625
2024-04-22,3.29,4.623000144958496,15451.3095703125
2024-04-23,3.2,4.5980000495910645,15696.6396484375
2024-04-24,3.19,4.6519999504089355,15712.75
2024-04-25,3.24,4.705999851226807,15611.759765625
2024-04-26,3.16,4.669000148773193,15927.900390625
2024-04-29,3.12,4.613999843597412,15983.080078125
2024-04-30,3.18,4.685999870300293,15657.8203125
2024-05-01,3.21,4.59499979019165,15605.48046875
2024-05-02,3.16,4.571000099182129,15840.9599609375
2024-05-03,3.08,4.5,16156.330078125
2024-05-06,3.03,4.488999843597412,16349.25
2024-05-07,3.06,4.4629998207092285,16332.5595703125
2024-05-08,3.1,4.492000102996826,16302.759765625
2024-05-09,3.14,4.448999881744385,16346.259765625
2024-05-10,3.12,4.504000186920166,16340.8701171875
2024-05-13,3.14,4.480999946594238,16388.240234375
2024-05-14,3.14,4.445000171661377,16511.1796875
2024-05-15,3.13,4.355999946594238,16742.390625
2024-05-16,3.08,4.376999855041504,16698.3203125
2024-05-17,3.09,4.420000076293945,16685.970703125
2024-05-20,3.07,4.436999797821045,16794.869140625
2024-05-21,3.07,4.414000034332275,16832.619140625
2024-05-22,3.11,4.434000015258789,16801.5390625
2024-05-23,3.1,4.474999904632568,16736.029296875
2024-05-24,3.11,4.4670000076293945,16920.7890625
2024-05-27,3.12,,
2024-05-28,3.09,4.541999816894531,17019.880859375
2024-05-29,3.15,4.624000072479248,16920.580078125
2024-05-30,3.19,4.553999900817871,16737.080078125
2024-05-31,3.2,4.513999938964844,16735.01953125
2024-06-03,3.17,4.4019999504089355,16828.669921875
2024-06-04,3.22,4.335999965667725,16857.05078125
2024-06-05,3.2,4.289000034332275,17187.900390625
2024-06-06,3.2,4.281000137329102,17173.119140625
2024-06-07,3.15,4.429999828338623,17133.130859375
2024-06-10,3.15,4.468999862670898,17192.529296875
2024-06-11,3.19,4.4039998054504395,17343.55078125
2024-06-12,3.09,4.295000076293945,17608.439453125
2024-06-13,3.2,4.23799991607666,17667.560546875
2024-06-14,3.29,4.2129998207092285,17688.880859375
2024-06-17,3.26,4.2789998054504395,17857.01953125
2024-06-18,3.24,4.2170000076293945,17862.23046875
2024-06-19,3.24,,
2024-06-20,3.23,4.254000186920166,17721.58984375
2024-06-21,3.21,4.256999969482422,17689.359375
2024-06-24,3.19,4.248000144958496,17496.8203125
2024-06-25,3.19,4.23799991607666,17717.650390625
2024-06-26,3.18,4.315999984741211,17805.16015625
2024-06-27,3.21,4.288000106811523,17858.6796875
2024-06-28,3.18,4.3429999351501465,17732.599609375
2024-06-30,3.21,,
2024-07-01,3.21,4.479000091552734,17879.30078125
2024-07-02,3.23,4.435999870300293,18028.759765625
2024-07-03,3.25,4.355000019073486,18188.30078125
2024-07-04,3.25,,
2024-07-05,3.27,4.271999835968018,18352.759765625
2024-07-08,3.2,4.269000053405762,18403.740234375
2024-07-09,3.21,4.300000190734863,18429.2890625
2024-07-10,3.17,4.28000020980835,18647.44921875
2024-07-11,3.18,4.192999839782715,18283.41015625
2024-07-12,3.19,4.189000129699707,18398.44921875
2024-07-15,3.13,4.229000091552734,18472.5703125
2024-07-16,3.08,4.166999816894531,18509.33984375
2024-07-17,3.09,4.145999908447266,17996.919921875
2024-07-18,3.09,4.189000129699707,17871.220703125
2024-07-19,3.09,4.238999843597412,17726.939453125
2024-07-22,3.05,4.260000228881836,18007.5703125
2024-07-23,3.02,4.238999843597412,17997.349609375
2024-07-24,3.1,4.285999774932861,17342.41015625
2024-07-25,3.08,4.25600004196167,17181.720703125
2024-07-26,3.1,4.199999809265137,17357.880859375
2024-07-29,3.13,4.177999973297119,17370.19921875
2024-07-30,3.2,4.14300012588501,17147.419921875
2024-07-31,3.25,4.109000205993652,17599.400390625
2024-08-01,3.35,3.9760000705718994,17194.150390625
2024-08-02,3.72,3.7920000553131104,16776.16015625
2024-08-05,3.93,3.7850000858306885,16200.080078125
2024-08-06,3.67,3.888000011444092,16366.849609375
2024-08-07,3.57,3.9679999351501465,16195.8095703125
2024-08-08,3.48,3.996999979019165,16660.01953125
2024-08-09,3.49,3.941999912261963,16745.30078125
2024-08-12,3.52,3.9089999198913574,16780.609375
2024-08-13,3.54,3.8519999980926514,17187.609375
2024-08-14,3.46,3.819999933242798,17192.599609375
2024-08-15,3.31,3.9260001182556152,17594.5
2024-08-16,3.29,3.8919999599456787,17631.720703125
2024-08-19,3.21,3.867000102996826,17876.76953125
2024-08-20,3.25,3.818000078201294,17816.939453125
2024-08-21,3.27,3.7780001163482666,17918.990234375
2024-08-22,3.21,3.861999988555908,17619.349609375
2024-08-23,3.19,3.806999921798706,17877.7890625
2024-08-26,3.15,3.818000078201294,17725.76953125
2024-08-27,3.17,3.8329999446868896,17754.8203125
2024-08-28,3.19,3.8410000801086426,17556.029296875
2024-08-29,3.15,3.867000102996826,17516.4296875
2024-08-30,3.13,3.9110000133514404,17713.619140625
2024-08-31,3.17,,
2024-09-02,3.17,,
2024-09-03,3.31,3.8440001010894775,17136.30078125
2024-09-04,3.35,3.7679998874664307,17084.30078125
2024-09-05,3.29,3.7309999465942383,17127.66015625
2024-09-06,3.39,3.7100000381469727,16690.830078125
2024-09-09,3.36,3.697000026702881,16884.599609375
2024-09-10,3.46,3.6459999084472656,17025.880859375
2024-09-11,3.44,3.6530001163482666,17395.529296875
2024-09-12,3.39,3.680000066757202,17569.6796875
2024-09-13,3.37,3.6500000953674316,17683.98046875
2024-09-16,3.32,3.621000051498413,17592.130859375
2024-09-17,3.25,3.6419999599456787,17628.060546875
2024-09-18,3.21,3.684999942779541,17573.30078125
2024-09-19,3.1,3.740000009536743,18013.98046875
2024-09-20,3.15,3.7279999256134033,17948.3203125
2024-09-23,3.15,3.739000082015991,17974.26953125
2024-09-24,3.21,3.7360000610351562,18074.51953125
2024-09-25,3.19,3.7809998989105225,18082.2109375
2024-09-26,3.14,3.7909998893737793,18190.2890625
2024-09-27,3.14,3.749000072479248,18119.58984375
2024-09-30,3.03,3.802000045776367,18189.169921875
2024-10-01,3.07,3.743000030517578,17910.359375
2024-10-02,3.06,3.7850000858306885,17925.119140625
2024-10-03,3.04,3.8499999046325684,17918.48046875
2024-10-04,2.89,3.9809999465942383,18137.849609375
2024-10-07,2.95,4.026000022888184,17923.900390625
2024-10-08,2.99,4.0329999923706055,18182.919921875
2024-10-09,2.94,4.066999912261963,18291.619140625
2024-10-10,2.99,4.0960001945495605,18282.05078125
2024-10-11,2.98,4.072999954223633,18342.939453125
2024-10-14,2.97,4.0980000495910645,18502.689453125
2024-10-15,2.93,4.038000106811523,18315.58984375
2024-10-16,2.9,4.015999794006348,18367.080078125
2024-10-17,2.89,4.0960001945495605,18373.609375
2024-10-18,2.88,4.072999954223633,18489.55078125
2024-10-21,2.88,4.182000160217285,18540.009765625
2024-10-22,2.92,4.203999996185303,18579.76953125
2024-10-23,2.95,4.242000102996826,18276.650390625
2024-10-24,2.93,4.199999809265137,18415.490234375
2024-10-25,2.89,4.23199987411499,18518.609375
2024-10-28,2.82,4.2779998779296875,18567.189453125
2024-10-29,2.85,4.27400016784668,18712.75
2024-10-30,2.8,4.265999794006348,18607.9296875
2024-10-31,2.88,4.283999919891357,18095.150390625
2024-11-01,2.83,4.361000061035156,18239.919921875
2024-11-04,2.87,4.309000015258789,18179.98046875
2024-11-05,2.86,4.289000034332275,18439.169921875
2024-11-06,2.74,4.426000118255615,18983.470703125
2024-11-07,2.73,4.341000080108643,19269.4609375
2024-11-08,2.63,4.306000232696533,19286.779296875
2024-11-11,2.63,4.308000087738037,19298.759765625
2024-11-12,2.61,4.432000160217285,19281.400390625
2024-11-13,2.64,4.451000213623047,19230.720703125
2024-11-14,2.6,4.418000221252441,19107.650390625
2024-11-15,2.72,4.427999973297119,18680.119140625
2024-11-18,2.72,4.414000034332275,18791.810546875
2024-11-19,2.69,4.379000186920166,18987.470703125
2024-11-20,2.67,4.406000137329102,18966.140625
2024-11-21,2.61,4.432000160217285,18972.419921875
2024-11-22,2.61,4.409999847412109,19003.650390625
2024-11-25,2.64,4.264999866485596,19054.83984375
2024-11-26,2.68,4.302000045776367,19174.30078125
2024-11-27,2.69,4.242000102996826,19060.48046875
2024-11-28,2.69,,
2024-11-29,2.72,4.177999973297119,19218.169921875
2024-11-30,2.74,,
2024-12-02,2.68,4.196000099182129,19403.94921875
2024-12-03,2.66,4.2230000495910645,19480.91015625
2024-12-04,2.66,4.179999828338623,19735.119140625
2024-12-05,2.66,4.179999828338623,19700.259765625
2024-12-06,2.67,4.151000022888184,19859.76953125
2024-12-09,2.67,4.198999881744385,19736.689453125
2024-12-10,2.67,4.2210001945495605,19687.240234375
2024-12-11,2.64,4.270999908447266,20034.890625
2024-12-12,2.66,4.323999881744385,19902.83984375
2024-12-13,2.68,4.39900016784668,19926.720703125
2024-12-16,2.69,4.396999835968018,20173.890625
2024-12-17,2.75,4.385000228881836,20109.060546875
2024-12-18,2.73,4.49399995803833,19392.689453125
2024-12-19,2.91,4.570000171661377,19372.76953125
2024-12-20,2.86,4.52400016784668,19572.599609375
2024-12-23,2.85,4.598999977111816,19764.880859375
2024-12-24,2.86,4.591000080108643,20031.130859375
2024-12-26,2.86,4.578999996185303,20020.359375
2024-12-27,2.84,4.61899995803833,19722.029296875
2024-12-30,2.94,4.545000076293945,19486.7890625
2024-12-31,2.92,4.572999954223633,19310.7890625
2025-01-02,2.88,4.574999809265137,19280.7890625
2025-01-03,2.81,4.5960001945495605,19621.6796875
2025-01-06,2.76,4.618000030517578,19864.98046875
2025-01-07,2.79,4.683000087738037,19489.6796875
2025-01-08,2.84,4.692999839782715,19478.880859375
2025-01-09,2.82,4.68,
2025-01-10,2.81,4.776000022888184,19161.630859375
2025-01-13,2.85,4.802999973297119,19088.099609375
2025-01-14,2.8,4.788000106811523,19044.390625
2025-01-15,2.72,4.6529998779296875,19511.23046875
2025-01-16,2.73,4.605999946594238,19338.2890625
2025-01-17,2.64,4.609000205993652,19630.19921875
2025-01-20,2.64,,
2025-01-21,2.61,4.573999881744385,19756.779296875
2025-01-22,2.59,4.598999977111816,20009.33984375
2025-01-23,2.61,4.638000011444092,20053.6796875
2025-01-24,2.6,4.625999927520752,19954.30078125
2025-01-27,2.66,4.5279998779296875,19341.830078125
2025-01-28,2.66,4.551000118255615,19733.58984375
2025-01-29,2.68,4.554999828338623,19632.3203125
2025-01-30,2.67,4.51200008392334,19681.75
2025-01-31,2.68,4.568999767303467,19627.439453125
2025-02-03,2.73,4.543000221252441,19391.9609375
2025-02-04,2.71,4.513000011444092,19654.01953125
2025-02-05,2.69,4.421999931335449,19692.330078125
2025-02-06,2.66,4.440000057220459,19791.990234375
2025-02-07,2.67,4.486999988555908,19523.400390625
2025-02-10,2.66,4.493000030517578,19714.26953125
2025-02-11,2.66,4.5370001792907715,19643.859375
2025-02-12,2.65,4.63700008392334,19649.94921875
2025-02-13,2.65,4.525000095367432,19945.640625
2025-02-14,2.62,4.4720001220703125,20026.76953125
2025-02-17,2.62,,
2025-02-18,2.62,4.544000148773193,20041.259765625
2025-02-19,2.68,4.534999847412109,20056.25
2025-02-20,2.66,4.5,19962.359375
2025-02-21,2.78,4.420000076293945,19524.009765625
2025-02-24,2.78,4.39300012588501,19286.9296875
2025-02-25,2.84,4.297999858856201,19026.390625
2025-02-26,2.81,4.249000072479248,19075.259765625
2025-02-27,2.81,4.284999847412109,18544.419921875
2025-02-28,2.87,4.230999946594238,18847.279296875
2025-03-03,2.94,4.179999828338623,18350.189453125
2025-03-04,2.99,4.210000038146973,18285.16015625
2025-03-05,2.88,4.264999866485596,18552.73046875
2025-03-06,2.99,4.285999774932861,18069.259765625
2025-03-07,2.97,4.316999912261963,18196.220703125
2025-03-10,3.16,4.2129998207092285,17468.3203125
2025-03-11,3.22,4.288000106811523,17436.099609375
2025-03-12,3.2,4.317999839782715,17648.44921875
2025-03-13,3.4,4.27400016784668,17303.009765625
2025-03-14,3.25,4.308000087738037,17754.08984375
2025-03-17,3.18,4.306000232696533,17808.66015625
2025-03-18,3.23,4.281000137329102,17504.119140625
2025-03-19,3.19,4.25600004196167,17750.7890625
2025-03-20,3.17,4.232999801635742,17691.630859375
2025-03-21,3.21,4.251999855041504,17784.05078125
2025-03-24,3.05,4.330999851226807,18188.58984375
2025-03-25,3.09,4.307000160217285,18271.859375
2025-03-26,3.19,4.3379998207092285,17899.01953125
2025-03-27,3.27,4.36899995803833,17804.029296875
2025-03-28,3.47,4.255000114440918,17322.990234375
2025-03-31,3.55,4.245999813079834,17299.2890625
2025-04-01,3.5,4.156000137329102,17449.890625
2025-04-02,3.42,4.196000099182129,17601.05078125
2025-04-03,4.01,4.054999828338623,16550.609375
2025-04-04,4.45,3.984999895095825,15587.7900390625
2025-04-07,4.61,4.15500020980835,15603.259765625
2025-04-08,4.57,4.26200008392334,15267.91015625
2025-04-09,4.37,4.400000095367432,17124.970703125
2025-04-10,4.42,4.394000053405762,16387.310546875
2025-04-11,4.26,4.493000030517578,16724.4609375
2025-04-14,4.14,4.363999843597412,16831.48046875
2025-04-15,4.09,4.322999954223633,16823.169921875
2025-04-16,4.16,4.2789998054504395,16307.16015625
2025-04-17,4.02,4.333000183105469,16286.4501953125
2025-04-21,4.16,4.40500020980835,15870.900390625
2025-04-22,3.99,4.388999938964844,16300.419921875
2025-04-23,3.75,4.38700008392334,16708.05078125
2025-04-24,3.73,4.304999828338623,17166.0390625
2025-04-25,3.67,4.265999794006348,17382.939453125
2025-04-28,3.73,4.216000080108643,17366.130859375
2025-04-29,3.74,4.172999858856201,17461.3203125
2025-04-30,3.94,4.177000045776367,17446.33984375
2025-05-01,3.78,4.230999946594238,17710.740234375
2025-05-02,3.6,4.322000026702881,17977.73046875
2025-05-05,3.6,4.3429999351501465,17844.240234375
2025-05-06,3.66,4.308000087738037,17689.66015625
2025-05-07,3.67,4.275000095367432,17738.16015625
2025-05-08,3.51,4.373000144958496,17928.140625
2025-05-09,3.53,4.375,17928.919921875
2025-05-12,3.15,4.456999778747559,18708.33984375
2025-05-13,3.09,4.499000072479248,19010.08984375
2025-05-14,3.1,4.5279998779296875,19146.810546875
2025-05-15,3.2,4.454999923706055,19112.3203125
2025-05-16,3.16,4.440999984741211,19211.099609375
2025-05-19,3.21,4.474999904632568,19215.4609375
2025-05-20,3.2,4.480999946594238,19142.7109375
2025-05-21,3.25,4.5960001945495605,18872.640625
2025-05-22,3.32,4.552999973297119,18925.740234375
2025-05-23,3.4,4.508999824523926,18737.2109375
2025-05-26,3.4,,
2025-05-27,3.24,4.434000015258789,19199.16015625
2025-05-28,3.23,4.4770002365112305,19100.939453125
2025-05-29,3.22,4.423999786376953,19175.869140625
2025-05-30,3.31,4.415999889373779,19113.76953125
2025-05-31,3.32,,
2025-06-02,3.27,4.461999893188477,19242.609375
2025-06-03,3.19,4.460000038146973,19398.9609375
2025-06-04,3.23,4.364999771118164,19460.490234375
2025-06-05,3.18,4.394000053405762,19298.44921875
2025-06-06,3.09,4.510000228881836,19529.94921875
2025-06-09,3.12,4.48199987411499,19591.240234375
2025-06-10,3.12,4.473999977111816,19714.990234375
2025-06-11,3.12,4.4120001792907715,19615.880859375
2025-06-12,3.17,4.35699987411499,19662.490234375
2025-06-13,3.18,4.423999786376953,19406.830078125
2025-06-16,3.1,4.452000141143799,19701.2109375
2025-06-17,3.17,4.39300012588501,19521.08984375
2025-06-18,3.16,4.396999835968018,19546.26953125
2025-06-19,3.16,,
2025-06-20,3.13,4.375,19447.41015625
2025-06-23,3.12,4.320000171661377,19630.970703125
2025-06-24,3.06,4.293000221252441,19912.529296875
2025-06-25,3.04,4.293000221252441,19973.55078125
2025-06-26,3.04,4.252999782562256,20167.91015625
2025-06-27,3.02,4.2829999923706055,20273.4609375
2025-06-30,2.96,4.230000019073486,20369.73046875
2025-07-01,2.91,4.250999927520752,20202.890625
2025-07-02,2.88,4.293000221252441,20393.130859375
2025-07-03,2.8,4.3480000495910645,20601.099609375
2025-07-04,2.8,,
2025-07-07,2.86,4.394999980926514,20412.51953125
2025-07-08,2.92,4.414999961853027,20418.4609375
2025-07-09,2.94,4.3420000076293945,20611.33984375
2025-07-10,2.92,4.3460001945495605,20630.66015625
2025-07-11,2.97,4.422999858856201,20585.529296875
2025-07-14,2.95,4.427000045776367,20640.330078125
2025-07-15,2.95,4.488999843597412,20677.80078125
2025-07-16,3.0,4.454999923706055,20730.490234375
2025-07-17,2.91,4.4629998207092285,20885.650390625
2025-07-18,2.93,4.432000160217285,20895.650390625
2025-07-21,2.89,4.372000217437744,20974.1796875
2025-07-22,2.9,4.335999965667725,20892.689453125
2025-07-23,2.83,4.388000011444092,21020.01953125
2025-07-24,2.82,4.4079999923706055,21057.9609375
2025-07-25,2.84,4.386000156402588,21108.3203125
2025-07-28,2.82,4.420000076293945,21178.580078125
2025-07-29,2.86,4.329999923706055,21098.2890625
2025-07-30,2.89,4.375999927520752,21129.669921875
2025-07-31,2.86,4.360000133514404,21122.44921875
2025-08-01,3.13,4.21999979019165,20650.130859375
2025-08-04,3.02,4.199999809265137,21053.580078125
2025-08-05,2.98,4.196000099182129,20916.55078125
2025-08-06,2.98,4.21999979019165,21169.419921875
2025-08-07,2.95,4.24399995803833,21242.69921875
2025-08-08,2.94,4.284999847412109,21450.01953125
2025-08-11,2.94,4.2729997634887695,21385.400390625
2025-08-12,2.93,4.293000221252441,21681.900390625
2025-08-13,2.9,4.23799991607666,21713.140625
2025-08-14,2.89,4.293000221252441,21710.669921875
2025-08-15,2.88,4.328000068664551,21622.98046875
2025-08-18,2.88,4.341000080108643,21629.76953125
2025-08-19,2.9,4.302000045776367,21314.94921875
2025-08-20,2.94,4.296000003814697,21172.859375
2025-08-21,2.95,4.329999923706055,21100.310546875
2025-08-22,2.88,4.260000228881836,21496.5390625
2025-08-25,2.8,4.275000095367432,21449.2890625
2025-08-26,2.78,4.257999897003174,21544.26953125
2025-08-27,2.78,4.23799991607666,21590.140625
2025-08-28,2.75,4.206999778747559,21705.16015625
2025-08-29,2.82,4.2270002365112305,21455.55078125
2025-08-31,2.84,,
2025-09-01,2.84,,
2025-09-02,2.92,4.2769999504089355,21279.630859375
2025-09-03,2.88,4.210999965667725,21497.73046875
2025-09-04,2.84,4.176000118255615,21707.689453125
2025-09-05,2.83,4.085999965667725,21700.390625
2025-09-08,2.84,4.046000003814697,21798.69921875
2025-09-09,2.87,4.073999881744385,21879.490234375
2025-09-10,2.84,4.0320000648498535,21886.060546875
2025-09-11,2.78,4.011000156402588,22043.0703125
2025-09-12,2.79,4.060999870300293,22141.099609375
2025-09-15,2.75,4.033999919891357,22348.75
2025-09-16,2.79,4.026000022888184,22333.9609375
2025-09-17,2.79,4.076000213623047,22261.330078125
2025-09-18,2.71,4.104000091552734,22470.720703125
2025-09-19,2.72,4.138999938964844,22631.48046875
2025-09-22,2.69,4.14300012588501,22788.98046875
2025-09-23,2.71,4.119999885559082,22573.470703125
2025-09-24,2.7,4.146999835968018,22497.859375
2025-09-25,2.76,4.171999931335449,22384.69921875
2025-09-26,2.75,4.186999797821045,22484.0703125
2025-09-29,2.74,4.140999794006348,22591.150390625
2025-09-30,2.8,4.1479997634887695,22660.009765625
2025-10-01,2.81,4.105999946594238,22755.16015625
2025-10-02,2.81,4.0879998207092285,22844.05078125
2025-10-03,2.8,4.11899995803833,22780.509765625
2025-10-06,2.76,4.1620001792907715,22941.669921875
2025-10-07,2.82,4.126999855041504,22788.359375
2025-10-08,2.84,4.129000186920166,23043.380859375
2025-10-09,2.95,4.1479997634887695,23024.630859375
2025-10-10,3.18,4.051000118255615,22204.4296875
2025-10-13,3.18,4.051000118255615,22694.609375
2025-10-14,3.11,4.021999835968018,22521.69921875
2025-10-15,2.95,4.046000003814697,22670.080078125
2025-10-16,3.04,3.9760000705718994,22562.5390625
2025-10-17,3.04,4.006999969482422,22679.970703125
2025-10-20,2.99,3.9860000610351562,22990.5390625
2025-10-21,2.97,3.9630000591278076,22953.669921875
2025-10-22,3.01,3.953000068664551,22740.400390625
2025-10-23,2.96,3.990999937057495,22941.80078125
2025-10-24,2.88,3.996999979019165,23204.869140625
2025-10-27,2.8,3.996999979019165,23637.4609375
2025-10-28,2.82,3.9830000400543213,23827.490234375
2025-10-29,2.76,4.058000087738037,23958.470703125
2025-10-30,2.85,4.0929999351501465,23581.140625
2025-10-31,2.94,4.10099983215332,23724.9609375
2025-11-03,3.04,4.105999946594238,23834.720703125
2025-11-04,3.13,4.089000225067139,23348.640625
2025-11-05,3.05,4.1570000648498535,23499.80078125
2025-11-06,3.13,4.0929999351501465,23053.990234375
2025-11-07,3.15,4.0929999351501465,23004.5390625
2025-11-10,3.02,4.110000133514404,23527.169921875
2025-11-11,3.02,4.119999885559082,23468.30078125
2025-11-12,3.02,4.065000057220459,23406.4609375
2025-11-13,3.09,4.111999988555908,22870.359375
2025-11-14,3.07,4.1479997634887695,22900.58984375
2025-11-17,3.13,4.132999897003174,22708.0703125
2025-11-18,3.2,4.123000144958496,22432.849609375
2025-11-19,3.17,4.132999897003174,22564.23046875
2025-11-20,3.17,4.105999946594238,22078.05078125
2025-11-21,3.19,4.063000202178955,22273.080078125
2025-11-24,3.15,4.038000106811523,22872.009765625
2025-11-25,3.1,4.001999855041504,23025.58984375
2025-11-26,3.0,3.997999906539917,23214.689453125
2025-11-27,3.0,,
2025-11-28,2.95,4.017000198364258,23365.689453125
2025-11-30,2.92,,
2025-12-01,2.94,4.0960001945495605,23275.919921875
2025-12-02,2.92,4.085999965667725,23413.669921875
2025-12-03,2.89,4.057000160217285,23454.08984375
2025-12-04,2.88,4.107999801635742,23505.140625
2025-12-05,2.85,4.138999938964844,23578.130859375
2025-12-08,2.89,4.171999931335449,23545.900390625
2025-12-09,2.89,4.185999870300293,23576.490234375
2025-12-10,2.91,4.164000034332275,23654.150390625
2025-12-11,2.88,4.140999794006348,23593.859375
2025-12-12,2.91,4.193999767303467,23195.169921875
2025-12-15,2.91,4.182000160217285,23057.41015625
2025-12-16,2.98,4.14900016784668,23111.4609375
2025-12-17,2.99,4.151000022888184,22693.3203125
2025-12-18,2.95,4.116000175476074,23006.359375
2025-12-19,2.9,4.151000022888184,23307.619140625
2025-12-22,2.88,4.169000148773193,23428.830078125
2025-12-23,2.83,4.169000148773193,23561.83984375
2025-12-24,2.84,4.136000156402588,23613.310546875
2025-12-26,2.86,4.136000156402588,23593.099609375
2025-12-29,2.87,4.116000175476074,23474.349609375
2025-12-30,2.84,4.130000114440918,23419.080078125
2025-12-31,2.81,4.163000106811523,23241.990234375
2026-01-02,2.83,4.186999797821045,23235.630859375
2026-01-05,2.81,4.164999961853027,23395.8203125
2026-01-06,2.79,4.178999900817871,23547.169921875
2026-01-07,2.79,4.138000011444092,23584.279296875
2026-01-08,2.76,4.183000087738037,23480.01953125
2026-01-09,2.74,4.171000003814697,23671.349609375
2026-01-12,2.74,4.186999797821045,23733.900390625
2026-01-13,2.75,4.171000003814697,23709.869140625
2026-01-14,2.76,4.139999866485596,23471.75
2026-01-15,2.71,4.159999847412109,23530.01953125
2026-01-16,2.65,4.230999946594238,23515.390625
2026-01-19,2.65,,
2026-01-20,2.73,4.295000076293945,22954.3203125
2026-01-21,2.69,4.252999782562256,23224.8203125
2026-01-22,2.64,4.249000072479248,23436.01953125
2026-01-23,2.68,4.238999843597412,23501.240234375
2026-01-26,2.69,4.2129998207092285,23601.359375
2026-01-27,2.71,4.2230000495910645,23817.099609375
2026-01-28,2.72,4.250999927520752,23857.44921875
2026-01-29,2.77,4.2270002365112305,23685.119140625
2026-01-30,2.8,4.241000175476074,23461.8203125
2026-01-31,2.88,,
2026-02-02,2.81,4.275000095367432,23592.109375
2026-02-03,2.85,4.27400016784668,23255.189453125
2026-02-04,2.86,4.275000095367432,22904.580078125
2026-02-05,2.97,4.210000038146973,22540.58984375
2026-02-06,2.87,4.205999851226807,23031.2109375
2026-02-09,2.84,4.197999954223633,23238.669921875
2026-02-10,2.86,4.146999835968018,23102.470703125
2026-02-11,2.84,4.171999931335449,23066.470703125
2026-02-12,2.92,4.104000091552734,22597.150390625
2026-02-13,2.95,4.056000232696533,22546.669921875
2026-02-16,2.94,,
2026-02-17,2.94,4.052000045776367,22578.380859375
2026-02-18,2.86,4.078999996185303,22753.630859375
2026-02-19,2.88,4.074999809265137,22682.73046875
2026-02-20,2.86,4.085999965667725,22886.0703125
2026-02-23,2.95,4.0289998054504395,22627.26953125
2026-02-24,2.97,4.0329999923706055,22863.6796875
2026-02-25,2.94,4.047999858856201,23152.080078125
2026-02-26,2.98,4.017000198364258,22878.380859375
2026-02-27,3.1,3.9619998931884766,22668.2109375
2026-02-28,3.12,,
2026-03-02,3.03,4.047999858856201,22748.859375
2026-03-03,3.08,4.056000232696533,22516.689453125
2026-03-04,2.97,4.079999923706055,22807.48046875
2026-03-05,3.0,4.145999908447266,22748.990234375
2026-03-06,3.13,4.132999897003174,22387.6796875
2026-03-09,3.19,4.136000156402588,22695.94921875
2026-03-10,3.06,4.136000156402588,22697.099609375
2026-03-11,3.09,4.208000183105469,22716.130859375
2026-03-12,3.17,4.2729997634887695,22311.98046875
2026-03-13,3.28,4.284999847412109,22105.359375
2026-03-16,3.27,4.21999979019165,22374.1796875
2026-03-17,3.22,4.202000141143799,22479.529296875
2026-03-18,3.2,4.258999824523926,22152.419921875
2026-03-19,3.27,4.281000137329102,22090.689453125
2026-03-20,3.24,4.390999794006348,21647.609375
2026-03-23,3.19,4.334000110626221,21946.759765625
2026-03-24,3.19,4.392000198364258,21761.890625
2026-03-25,3.17,4.328000068664551,21929.8203125
2026-03-26,3.21,4.415999889373779,21408.080078125
2026-03-27,3.42,4.440000057220459,20948.359375
2026-03-30,3.46,4.3420000076293945,20794.640625
2026-03-31,3.28,4.310999870300293,21590.630859375
2026-04-01,3.16,4.318999767303467,21840.94921875
2026-04-02,3.17,4.313000202178955,21879.1796875
2026-04-03,3.13,4.35,
2026-04-06,3.05,4.335000038146973,21996.33984375
2026-04-07,3.12,4.3429999351501465,22017.849609375
2026-04-08,2.94,4.290999889373779,22634.990234375
2026-04-09,2.9,4.293000221252441,22822.419921875
2026-04-10,2.94,4.316999912261963,22902.890625
2026-04-13,2.95,4.296999931335449,23183.740234375
2026-04-14,2.84,4.25600004196167,23639.080078125
2026-04-15,2.85,4.2820000648498535,24016.01953125
2026-04-16,2.86,4.309000015258789,24102.69921875
2026-04-17,2.83,4.245999813079834,24468.48046875
2026-04-20,2.87,4.25,24404.390625
2026-04-21,2.85,4.291999816894531,24259.9609375
2026-04-22,2.84,4.294000148773193,24657.5703125
2026-04-23,2.86,4.322999954223633,24438.5
2026-04-24,2.86,4.309999942779541,24836.599609375
2026-04-27,2.84,4.335999965667725,24887.099609375
2026-04-28,2.85,4.354000091552734,24663.80078125
2026-04-29,2.82,4.418000221252441,24673.240234375
2026-04-30,2.83,4.389999866485596,24892.310546875
2026-05-01,2.77,4.377999782562256,25114.439453125
2026-05-04,2.78,4.446000099182129,25067.80078125
2026-05-05,2.77,4.415999889373779,25326.130859375
2026-05-06,2.75,4.355999946594238,25838.939453125
2026-05-07,2.79,4.392000198364258,25806.19921875
2026-05-08,2.81,4.363999843597412,26247.080078125
2026-05-11,2.79,4.409999847412109,26274.130859375
2026-05-12,2.82,4.4629998207092285,26088.19921875
2026-05-13,2.82,4.480999946594238,26402.33984375
2026-05-14,2.76,4.460999965667725,26635.220703125
2026-05-15,2.8,4.59499979019165,26225.140625
2026-05-18,2.83,4.623000144958496,26090.73046875
2026-05-19,2.86,4.666999816894531,25870.7109375
2026-05-20,2.8,4.572000026702881,26270.359375
2026-05-21,2.78,4.585999965667725,26293.099609375
2026-05-22,2.74,4.558000087738037,26343.970703125
2026-05-25,2.74,,
2026-05-26,2.72,4.493000030517578,26656.1796875
2026-05-27,2.71,4.480999946594238,26674.73046875
2026-05-28,2.72,4.454999923706055,26917.470703125
2026-05-29,2.72,4.453000068664551,26972.619140625
2026-05-31,2.74,,
2026-06-01,2.72,4.474999904632568,27086.810546875
2026-06-02,2.71,4.454999923706055,27093.900390625
2026-06-03,2.75,4.491000175476074,26853.98046875
2026-06-04,2.74,4.4770002365112305,26830.9609375
2026-06-05,2.76,4.535999774932861,25709.4296875
2026-06-08,2.75,4.552000045776367,25929.66015625
2026-06-09,2.78,4.5279998779296875,25678.8203125
2026-06-10,2.8,4.541999816894531,25169.5
2026-06-11,2.78,4.4629998207092285,25809.66015625
2026-06-12,2.71,4.486999988555908,25888.83984375
2026-06-15,2.66,4.468999862670898,26683.939453125
2026-06-16,2.71,4.427999973297119,26376.33984375
2026-06-17,2.63,4.4629998207092285,26021.66015625
2026-06-18,2.66,4.451000213623047,26517.9296875
2026-06-19,2.66,,
2026-06-22,2.65,4.508999824523926,26166.599609375
2026-06-23,2.71,4.493000030517578,25587.0390625
2026-06-24,2.76,4.4019999504089355,25476.640625
2026-06-25,2.78,4.392000198364258,25358.599609375
2026-06-26,2.83,4.372000217437744,25297.619140625
2026-06-29,2.8,4.374000072479248,25820.140625
2026-06-30,2.75,4.418000221252441,26213.720703125
2026-07-01,2.74,4.474999904632568,26040.029296875
2026-07-02,2.75,4.485000133514404,25832.669921875
2026-07-03,2.74,,
2026-07-06,2.72,4.479000091552734,26121.16015625
2026-07-07,2.67,4.5289998054504395,25818.689453125
2026-07-08,2.7,4.568999767303467,25870.650390625
2026-07-09,2.7,4.539000034332275,26206.890625
2026-07-10,2.69,4.568999767303467,26281.609375
2026-07-13,2.69,4.609000205993652,25873.1796875
2026-07-14,2.72,4.585000038146973,26107.009765625
2026-07-15,2.71,4.545000076293945,26269.23046875
2026-07-16,2.71,4.568999767303467,25881.94921875
2026-07-17,2.73,4.540999889373779,25520.240234375
2026-07-20,2.69,4.5980000495910645,25508.0703125
2026-07-21,2.69,4.627999782562256,25837.2109375
2026-07-22,2.68,4.6570000648498535,25690.900390625
2026-07-23,2.77,4.703000068664551,25137.689453125
2026-07-24,2.79,4.678999900817871,24975.8203125
2026-07-27,2.81,4.640999794006348,24932.080078125
2026-07-28,2.84,4.604000091552734,24876.91015625
2026-07-29,2.87,4.622000217437744,24442.939453125
2026-07-30,2.84,4.663000106811523,25122.1796875
2026-07-31,2.85,4.744999885559082,25373.849609375
2026-08-03,2.78,4.685999870300293,25913.900390625
2026-08-04,2.73,4.626999855041504,26584.990234375
2026-08-05,2.75,4.617000102996826,26363.439453125
2026-08-06,2.71,4.670000076293945,26348.349609375
2026-08-07,2.7,4.659999847412109,26690.619140625
2026-08-10,2.7,4.698999881744385,26605.359375
2026-08-11,2.72,4.684000015258789,26445.44921875
2026-08-12,2.71,4.682000160217285,26588.490234375
2026-08-13,2.71,4.640999794006348,26803.029296875
2026-08-14,2.67,4.696000099182129,26729.16015625
2026-08-17,2.7,4.723999977111816,26644.91015625
2026-08-18,2.75,4.705999851226807,26289.7109375
2026-08-19,2.73,4.6529998779296875,26331.08984375
2026-08-20,2.75,4.696000099182129,26067.169921875
2026-08-21,2.7,4.73799991607666,26180.4609375
2026-08-24,2.69,4.703999996185303,25980.189453125
2026-08-25,2.7,4.638999938964844,26151.30078125
2026-08-26,2.67,4.664000034332275,26130.19921875
2026-08-27,2.63,4.671999931335449,26541.349609375
2026-08-28,2.6,4.71999979019165,26402.419921875
2026-08-31,2.63,4.757999897003174,26370.890625
2026-09-01,2.65,4.796000003814697,26099.76953125
2026-09-02,2.66,4.796000003814697,26217.830078125
2026-09-03,2.65,4.76200008392334,26584.060546875
2026-09-04,2.68,4.783999919891357,26506.990234375
2026-09-07,2.68,,
2026-09-08,2.67,4.806000232696533,26421.41015625
2026-09-09,2.71,4.836999893188477,26253.33984375
2026-09-10,2.7,4.943999767303467,26081.720703125
2026-09-11,2.65,4.974999904632568,26333.0390625
2026-09-14,2.71,4.960999965667725,26186.41015625
2026-09-15,,4.995999813079834,25981.5703125
2026-09-16,,5.00600004196167,25978.4296875
2026-09-17,,4.947000026702881,26418.30078125
2026-09-18,,4.998000144958496,26522.5390625
2026-09-21,,4.9629998207092285,27122.08984375
2026-09-22,,4.9679999351501465,27244.279296875
2026-09-23,,5.113999843597412,26936.0390625
2026-09-24,,5.1620001792907715,26939.369140625
2026-09-25,,5.184000015258789,27068.720703125
2026-09-28,,5.239999771118164,26820.380859375
2026-09-29,,5.255000114440918,26797.5390625
2026-09-30,,5.293000221252441,26861.060546875
2026-10-01,,5.236999988555908,26871.599609375
2026-10-02,,5.2769999504089355,27190.859375
2026-10-05,,5.310999870300293,27477.310546875
