schema_version,run_id,created_at_utc,prediction_date,as_of_date,data_snapshot_hash,config_hash,target_mode,band,imputed_features,macro_snapshot_hash,macro_history_mode,prediction,p_down,p_flat,p_up,model,record_id,kind,horizon_days,target_date,horizon,trading_days,current_close,signal,predicted_return,predicted_close,center_close,low_close,high_close,band_coverage,model_mae,zero_baseline_mae,mae_diff_lo,mae_diff_hi,oof_slope,actual_open,actual_close,actual_return,actual_class,direction_correct,price_error,absolute_price_error,price_ape,return_error,interval_hit,center_price_error,log_loss,brier,status,is_prospective,actual_updated_at_utc
2,20260906T040631_d5e65bc7b39b,2026-09-06T04:06:39.109283+00:00,2026-09-07,2026-09-04,2e09fde39107d8c4e6d1,2c241a78cab914136594,close_to_close,0.013260642325882,{},7ed3ebee8562f01fbf17,lagged_latest_vintage,상승,0.2357290208860737,0.3349739062708823,0.429297072843044,Logistic,20260906T040631_d5e65bc7b39b:direction:Logistic,direction,1,2026-09-07,,,,,,,,,,,,,,,,,,,,,,,,,,,,,pending,True,2026-09-06T05:29:43.644045+00:00
2,20260906T040631_d5e65bc7b39b,2026-09-06T04:06:39.109283+00:00,2026-09-07,2026-09-04,2e09fde39107d8c4e6d1,2c241a78cab914136594,close_to_close,0.013260642325882,{},7ed3ebee8562f01fbf17,lagged_latest_vintage,상승,0.2123786105376597,0.3286184681283905,0.4590029213339496,LightGBM,20260906T040631_d5e65bc7b39b:direction:LightGBM,direction,1,2026-09-07,,,,,,,,,,,,,,,,,,,,,,,,,,,,,pending,True,2026-09-06T05:29:43.644045+00:00
2,20260906T040631_d5e65bc7b39b,2026-09-06T04:06:39.109283+00:00,2026-09-07,2026-09-04,2e09fde39107d8c4e6d1,2c241a78cab914136594,close_to_close,0.013260642325882,{},7ed3ebee8562f01fbf17,lagged_latest_vintage,상승,0.2240538157118667,0.3317961871996365,0.4441499970884968,Mean ensemble,20260906T040631_d5e65bc7b39b:direction:Mean ensemble,direction,1,2026-09-07,,,,,,,,,,,,,,,,,,,,,,,,,,,,,pending,True,2026-09-06T05:29:43.644045+00:00
2,20260906T040631_d5e65bc7b39b,2026-09-06T04:06:39.109283+00:00,2026-09-07,2026-09-04,2e09fde39107d8c4e6d1,2c241a78cab914136594,close_to_close,0.013260642325882,{},7ed3ebee8562f01fbf17,lagged_latest_vintage,상승,0.2300756376251257,0.336851327773534,0.4330730346013403,No macro ensemble,20260906T040631_d5e65bc7b39b:direction:No macro ensemble,direction,1,2026-09-07,,,,,,,,,,,,,,,,,,,,,,,,,,,,,pending,True,2026-09-06T05:29:43.644045+00:00
2,20260906T040631_d5e65bc7b39b,2026-09-06T04:06:39.109283+00:00,2026-09-07,2026-09-04,2e09fde39107d8c4e6d1,2c241a78cab914136594,close_to_close,0.013260642325882,{},7ed3ebee8562f01fbf17,lagged_latest_vintage,,,,,Ridge,20260906T040631_d5e65bc7b39b:price:1,price,1,2026-09-07,1거래일,1.0,255500.0,있음,0.0154078691728687,259436.71057366795,259436.71057366795,245095.36409112831,273778.0570562076,0.8222996515679443,0.021353838193658,0.0231800104703863,-0.0030766054324891,-0.0007376965615327,1.0,,,,,,,,,,,,,,pending,True,2026-09-06T05:29:43.644045+00:00
2,20260906T040631_d5e65bc7b39b,2026-09-06T04:06:39.109283+00:00,2026-09-07,2026-09-04,2e09fde39107d8c4e6d1,2c241a78cab914136594,close_to_close,0.013260642325882,{},7ed3ebee8562f01fbf17,lagged_latest_vintage,,,,,Ridge,20260906T040631_d5e65bc7b39b:price:5,price,5,2026-09-11,1주일,5.0,255500.0,없음,,,255500.0,219369.7353989944,291630.2646010056,0.8307155322862129,0.0524518023542634,0.0511404946174254,0.0,0.0,0.0,,,,,,,,,,,,,,pending,True,2026-09-06T05:29:43.644045+00:00
2,20260906T040631_d5e65bc7b39b,2026-09-06T04:06:39.109283+00:00,2026-09-07,2026-09-04,2e09fde39107d8c4e6d1,2c241a78cab914136594,close_to_close,0.013260642325882,{},7ed3ebee8562f01fbf17,lagged_latest_vintage,,,,,Ridge,20260906T040631_d5e65bc7b39b:price:20,price,20,2026-10-07,1개월,20.0,255500.0,없음,,,255500.0,182948.7356050388,328051.26439496124,0.7873462214411248,0.1191711911466997,0.1166765752395607,0.0,0.0,0.0,,,,,,,,,,,,,,pending,True,2026-09-06T05:29:43.644045+00:00
2,20260906T041533_a169c390b4e2,2026-09-06T04:15:44.488886+00:00,2026-09-07,2026-09-04,9c368dc006056d4a5aa3,2c241a78cab914136594,close_to_close,0.013260642325882,{},7ed3ebee8562f01fbf17,lagged_latest_vintage,상승,0.235729167103703,0.3349740256379512,0.4292968072583457,Logistic,20260906T041533_a169c390b4e2:direction:Logistic,direction,1,2026-09-07,,,,,,,,,,,,,,,,,,,,,,,,,,,,,pending,True,2026-09-06T05:29:43.644045+00:00
2,20260906T041533_a169c390b4e2,2026-09-06T04:15:44.488886+00:00,2026-09-07,2026-09-04,9c368dc006056d4a5aa3,2c241a78cab914136594,close_to_close,0.013260642325882,{},7ed3ebee8562f01fbf17,lagged_latest_vintage,상승,0.2244266612133622,0.3281571939176297,0.447416144869008,LightGBM,20260906T041533_a169c390b4e2:direction:LightGBM,direction,1,2026-09-07,,,,,,,,,,,,,,,,,,,,,,,,,,,,,pending,True,2026-09-06T05:29:43.644045+00:00
2,20260906T041533_a169c390b4e2,2026-09-06T04:15:44.488886+00:00,2026-09-07,2026-09-04,9c368dc006056d4a5aa3,2c241a78cab914136594,close_to_close,0.013260642325882,{},7ed3ebee8562f01fbf17,lagged_latest_vintage,보합,0.1239497196085792,0.5942920953885898,0.2817581850028308,Transformer,20260906T041533_a169c390b4e2:direction:Transformer,direction,1,2026-09-07,,,,,,,,,,,,,,,,,,,,,,,,,,,,,pending,True,2026-09-06T05:29:43.644045+00:00
2,20260906T041533_a169c390b4e2,2026-09-06T04:15:44.488886+00:00,2026-09-07,2026-09-04,9c368dc006056d4a5aa3,2c241a78cab914136594,close_to_close,0.013260642325882,{},7ed3ebee8562f01fbf17,lagged_latest_vintage,상승,0.2300779141585326,0.3315656097777905,0.4383564760636768,Mean ensemble,20260906T041533_a169c390b4e2:direction:Mean ensemble,direction,1,2026-09-07,,,,,,,,,,,,,,,,,,,,,,,,,,,,,pending,True,2026-09-06T05:29:43.644045+00:00
2,20260906T041533_a169c390b4e2,2026-09-06T04:15:44.488886+00:00,2026-09-07,2026-09-04,9c368dc006056d4a5aa3,2c241a78cab914136594,close_to_close,0.013260642325882,{},7ed3ebee8562f01fbf17,lagged_latest_vintage,상승,0.2291131848920343,0.3370154060514123,0.4338714090565533,No macro ensemble,20260906T041533_a169c390b4e2:direction:No macro ensemble,direction,1,2026-09-07,,,,,,,,,,,,,,,,,,,,,,,,,,,,,pending,True,2026-09-06T05:29:43.644045+00:00
2,20260906T041533_a169c390b4e2,2026-09-06T04:15:44.488886+00:00,2026-09-07,2026-09-04,9c368dc006056d4a5aa3,2c241a78cab914136594,close_to_close,0.013260642325882,{},7ed3ebee8562f01fbf17,lagged_latest_vintage,,,,,Ridge,20260906T041533_a169c390b4e2:price:1,price,1,2026-09-07,1거래일,1.0,255500.0,있음,0.0154078704901952,259436.71091024487,259436.71091024487,245095.38688197525,273778.03493851447,0.8222996515679443,0.0213538367868205,0.0231800104703863,-0.0030766087785433,-0.0007376974099045,1.0,,,,,,,,,,,,,,pending,True,2026-09-06T05:29:43.644045+00:00
2,20260906T041533_a169c390b4e2,2026-09-06T04:15:44.488886+00:00,2026-09-07,2026-09-04,9c368dc006056d4a5aa3,2c241a78cab914136594,close_to_close,0.013260642325882,{},7ed3ebee8562f01fbf17,lagged_latest_vintage,,,,,Ridge,20260906T041533_a169c390b4e2:price:5,price,5,2026-09-11,1주일,5.0,255500.0,없음,,,255500.0,219369.6763429924,291630.32365700766,0.8307155322862129,0.052451810476095,0.0511404946174254,0.0,0.0,0.0,,,,,,,,,,,,,,pending,True,2026-09-06T05:29:43.644045+00:00
2,20260906T041533_a169c390b4e2,2026-09-06T04:15:44.488886+00:00,2026-09-07,2026-09-04,9c368dc006056d4a5aa3,2c241a78cab914136594,close_to_close,0.013260642325882,{},7ed3ebee8562f01fbf17,lagged_latest_vintage,,,,,Ridge,20260906T041533_a169c390b4e2:price:20,price,20,2026-10-07,1개월,20.0,255500.0,없음,,,255500.0,182948.83655817088,328051.16344182915,0.7873462214411248,0.1191711595373145,0.1166765752395607,0.0,0.0,0.0,,,,,,,,,,,,,,pending,True,2026-09-06T05:29:43.644045+00:00
2,20260906T044230_03e6b43140f3,2026-09-06T04:42:37.209511+00:00,2026-09-07,2026-09-04,9fbb12cfe44728f7cb8f,2c241a78cab914136594,close_to_close,0.013260642325882,{},7ed3ebee8562f01fbf17,lagged_latest_vintage,상승,0.2357288343677999,0.334974192662142,0.4292969729700581,Logistic,20260906T044230_03e6b43140f3:direction:Logistic,direction,1,2026-09-07,,,,,,,,,,,,,,,,,,,,,,,,,,,,,pending,True,2026-09-06T05:29:43.644045+00:00
2,20260906T044230_03e6b43140f3,2026-09-06T04:42:37.209511+00:00,2026-09-07,2026-09-04,9fbb12cfe44728f7cb8f,2c241a78cab914136594,close_to_close,0.013260642325882,{},7ed3ebee8562f01fbf17,lagged_latest_vintage,상승,0.212807397158677,0.3609302352782116,0.4262623675631113,LightGBM,20260906T044230_03e6b43140f3:direction:LightGBM,direction,1,2026-09-07,,,,,,,,,,,,,,,,,,,,,,,,,,,,,pending,True,2026-09-06T05:29:43.644045+00:00
2,20260906T044230_03e6b43140f3,2026-09-06T04:42:37.209511+00:00,2026-09-07,2026-09-04,9fbb12cfe44728f7cb8f,2c241a78cab914136594,close_to_close,0.013260642325882,{},7ed3ebee8562f01fbf17,lagged_latest_vintage,상승,0.2242681157632385,0.3479522139701768,0.4277796702665847,Mean ensemble,20260906T044230_03e6b43140f3:direction:Mean ensemble,direction,1,2026-09-07,,,,,,,,,,,,,,,,,,,,,,,,,,,,,pending,True,2026-09-06T05:29:43.644045+00:00
2,20260906T044230_03e6b43140f3,2026-09-06T04:42:37.209511+00:00,2026-09-07,2026-09-04,9fbb12cfe44728f7cb8f,2c241a78cab914136594,close_to_close,0.013260642325882,{},7ed3ebee8562f01fbf17,lagged_latest_vintage,상승,0.228872933759421,0.3422362386945966,0.4288908275459823,No macro ensemble,20260906T044230_03e6b43140f3:direction:No macro ensemble,direction,1,2026-09-07,,,,,,,,,,,,,,,,,,,,,,,,,,,,,pending,True,2026-09-06T05:29:43.644045+00:00
2,20260906T044230_03e6b43140f3,2026-09-06T04:42:37.209511+00:00,2026-09-07,2026-09-04,9fbb12cfe44728f7cb8f,2c241a78cab914136594,close_to_close,0.013260642325882,{},7ed3ebee8562f01fbf17,lagged_latest_vintage,,,,,Ridge,20260906T044230_03e6b43140f3:price:1,price,1,2026-09-07,1거래일,1.0,255500.0,있음,0.0154078678555422,259436.71023709103,259436.71023709103,245095.37899940184,273778.04147478024,0.8222996515679443,0.021353839167428,0.0231800104703863,-0.0030766041361199,-0.00073769895537,1.0,,,,,,,,,,,,,,pending,True,2026-09-06T05:29:43.644045+00:00
2,20260906T044230_03e6b43140f3,2026-09-06T04:42:37.209511+00:00,2026-09-07,2026-09-04,9fbb12cfe44728f7cb8f,2c241a78cab914136594,close_to_close,0.013260642325882,{},7ed3ebee8562f01fbf17,lagged_latest_vintage,,,,,Ridge,20260906T044230_03e6b43140f3:price:5,price,5,2026-09-11,1주일,5.0,255500.0,없음,,,255500.0,219369.68844118904,291630.311558811,0.8307155322862129,0.0524518024436614,0.0511404946174254,0.0,0.0,0.0,,,,,,,,,,,,,,pending,True,2026-09-06T05:29:43.644045+00:00
2,20260906T044230_03e6b43140f3,2026-09-06T04:42:37.209511+00:00,2026-09-07,2026-09-04,9fbb12cfe44728f7cb8f,2c241a78cab914136594,close_to_close,0.013260642325882,{},7ed3ebee8562f01fbf17,lagged_latest_vintage,,,,,Ridge,20260906T044230_03e6b43140f3:price:20,price,20,2026-10-07,1개월,20.0,255500.0,없음,,,255500.0,182948.9226167593,328051.0773832407,0.7873462214411248,0.1191711813174957,0.1166765752395607,0.0,0.0,0.0,,,,,,,,,,,,,,pending,True,2026-09-06T05:29:43.644045+00:00
2,20260906T052936_5ad28b6dd903,2026-09-06T05:29:43.634724+00:00,2026-09-07,2026-09-04,d6a46305a7dc5f3b9172,2df6c98b48a745b2967f,close_to_close,0.013260642325882052,{},7ed3ebee8562f01fbf17,lagged_latest_vintage,상승,0.23572896195472723,0.3349740254542,0.4292970125910728,Logistic,20260906T052936_5ad28b6dd903:direction:Logistic,direction,1,2026-09-07,,,,,,,,,,,,,,,,,,,,,,,,,,,,,pending,True,2026-09-06T05:29:43.644045+00:00
2,20260906T052936_5ad28b6dd903,2026-09-06T05:29:43.634724+00:00,2026-09-07,2026-09-04,d6a46305a7dc5f3b9172,2df6c98b48a745b2967f,close_to_close,0.013260642325882052,{},7ed3ebee8562f01fbf17,lagged_latest_vintage,상승,0.21162664375663515,0.3640806441734673,0.42429271206989766,LightGBM,20260906T052936_5ad28b6dd903:direction:LightGBM,direction,1,2026-09-07,,,,,,,,,,,,,,,,,,,,,,,,,,,,,pending,True,2026-09-06T05:29:43.644045+00:00
2,20260906T052936_5ad28b6dd903,2026-09-06T05:29:43.634724+00:00,2026-09-07,2026-09-04,d6a46305a7dc5f3b9172,2df6c98b48a745b2967f,close_to_close,0.013260642325882052,{},7ed3ebee8562f01fbf17,lagged_latest_vintage,상승,0.22367780285568117,0.3495273348138337,0.42679486233048525,Mean ensemble,20260906T052936_5ad28b6dd903:direction:Mean ensemble,direction,1,2026-09-07,,,,,,,,,,,,,,,,,,,,,,,,,,,,,pending,True,2026-09-06T05:29:43.644045+00:00
2,20260906T052936_5ad28b6dd903,2026-09-06T05:29:43.634724+00:00,2026-09-07,2026-09-04,d6a46305a7dc5f3b9172,2df6c98b48a745b2967f,close_to_close,0.013260642325882052,{},7ed3ebee8562f01fbf17,lagged_latest_vintage,상승,0.22911307477377613,0.33701524640152125,0.43387167882470257,No macro ensemble,20260906T052936_5ad28b6dd903:direction:No macro ensemble,direction,1,2026-09-07,,,,,,,,,,,,,,,,,,,,,,,,,,,,,pending,True,2026-09-06T05:29:43.644045+00:00
2,20260906T052936_5ad28b6dd903,2026-09-06T05:29:43.634724+00:00,2026-09-07,2026-09-04,d6a46305a7dc5f3b9172,2df6c98b48a745b2967f,close_to_close,0.013260642325882052,{},7ed3ebee8562f01fbf17,lagged_latest_vintage,,,,,Ridge,20260906T052936_5ad28b6dd903:price:1,price,1,2026-09-07,1거래일,1.0,255500.0,있음,0.015407852047624775,259436.70619816816,259436.70619816816,245095.41342625374,273777.9989700826,0.8222996515679443,0.02135384088069017,0.02318001047038639,-0.003076601336216239,-0.0007376958955984924,1.0,,,,,,,,,,,,,,pending,True,2026-09-06T05:29:43.644045+00:00
2,20260906T052936_5ad28b6dd903,2026-09-06T05:29:43.634724+00:00,2026-09-07,2026-09-04,d6a46305a7dc5f3b9172,2df6c98b48a745b2967f,close_to_close,0.013260642325882052,{},7ed3ebee8562f01fbf17,lagged_latest_vintage,,,,,Ridge,20260906T052936_5ad28b6dd903:price:5,price,5,2026-09-11,1주일,5.0,255500.0,없음,,,255500.0,219369.38974783279,291630.6102521672,0.8307155322862129,0.05245183461089302,0.051140494617425446,0.0,0.0,0.0,,,,,,,,,,,,,,pending,True,2026-09-06T05:29:43.644045+00:00
2,20260906T052936_5ad28b6dd903,2026-09-06T05:29:43.634724+00:00,2026-09-07,2026-09-04,d6a46305a7dc5f3b9172,2df6c98b48a745b2967f,close_to_close,0.013260642325882052,{},7ed3ebee8562f01fbf17,lagged_latest_vintage,,,,,Ridge,20260906T052936_5ad28b6dd903:price:20,price,20,2026-10-07,1개월,20.0,255500.0,없음,,,255500.0,182948.8307736815,328051.16922631854,0.7873462214411248,0.11917125020226424,0.11667657523956071,0.0,0.0,0.0,,,,,,,,,,,,,,pending,True,2026-09-06T05:29:43.644045+00:00
